symbol,close,MA12,MA36,MA50,MA150,MA200,EMA10,52w_low,52w_high,cond1_price_above_150_200,cond2_ma150_above_ma200,cond3_ma200_trending_up_1m,cond4_ma50_above_150_200,cond5_price_above_ma50,cond6_30pct_above_52w_low,cond7_within_25pct_52w_high,cond9_price_above_ema10,fresh_ma12_cross_today,12m_return_pct,volume_signal,relative_volume,bull_snort,inside_bar,industry_group,industry,rs_percentile,cond8_rs_at_least_70,all_conditions_met,total_market_cap_cr,traded_value_cr,traded_volume,traded_val_pct_mc
HINDALCO.NS,1149.699951171875,1086.1500040690105,1047.1958346896702,1004.6850024414063,921.7980025227864,874.7328121948242,1096.347249796705,613.5008869488823,1154.0,True,True,True,True,True,True,True,True,False,78.1466386020555,green,124.1232727563206,False,False,Non - Ferrous Metals,Aluminium,94.21052631578948,True,True,,,,
TATASTEEL.NS,214.6999969482422,212.39666620890299,211.3375006781684,206.02500030517578,191.36846689860025,185.03480003356933,211.64888489989534,149.8000030517578,224.39999389648438,True,True,True,True,True,True,True,True,False,34.81433610504163,green,126.52582127068808,False,False,Ferrous Metals,Iron & Steel,85.10526315789474,True,True,,,,
JSWSTEEL.NS,1309.300048828125,1285.2666829427083,1260.866672092014,1227.4300048828125,1194.776670735677,1171.2145025634766,1288.8575030947327,959.5660768846707,1328.0,True,True,True,True,True,True,True,True,False,30.176081652106525,noise,97.45947488514896,False,False,Ferrous Metals,Iron & Steel,83.3157894736842,True,True,,,,
COALINDIA.NS,463.04998779296875,459.6041666666667,457.3986121283637,456.5660009765625,419.76750834147134,407.2316793823242,460.0914479626447,345.8827187630446,491.25,True,True,True,True,True,True,True,True,False,23.438278062435437,ppv,796.8927964560555,True,False,Consumable Fuels,Coal,79.6842105263158,True,True,,,,
MOTHERSON.NS,142.41000366210938,132.19500096638998,126.5127779642741,122.0681999206543,118.48058446248372,113.96846858978272,134.5782836374676,89.42248454216111,146.6999969482422,True,True,True,True,True,True,True,True,False,44.895374097972926,ppv,210.94963901210394,False,False,Auto Components,Auto Components & Equipments,88.21052631578948,True,True,,,,
SAIL.NS,206.05999755859375,197.13833236694336,183.7794443766276,174.72900024414062,154.5234666442871,147.88248756408692,198.62626826344004,116.63813628480024,209.6999969482422,True,True,True,True,True,True,True,True,False,65.69457353212734,green,122.70619809537297,False,False,Ferrous Metals,Iron & Steel,92.84210526315789,True,True,,,,
BAJAJ-AUTO.NS,10808.5,10455.208333333334,10053.069444444445,9743.21,9454.223333333333,9293.125,10518.880539644644,7858.5,10834.0,True,True,True,True,True,True,True,True,False,26.786751608875736,noise,78.59695683969228,False,False,Automobiles,2/3 Wheelers,81.47368421052632,True,True,,,,
CHENNPETRO.NS,1053.0999755859375,1015.8083343505859,1032.9402754041885,1022.5450842285156,936.5532051595052,879.8676287841797,1026.959219037285,593.9771937515527,1159.699951171875,True,True,True,True,True,True,True,True,False,57.107612038489286,noise,50.16806034757475,False,False,Petroleum Products,Refineries & Marketing,91.21052631578948,True,True,,,,
JINDALSTEL.NS,1220.5999755859375,1223.8083597819011,1237.0277811686199,1209.8800024414063,1127.8613338216146,1100.5150003051758,1222.1669472960361,880.9024479280388,1306.199951171875,True,True,True,True,True,True,True,False,False,28.279987548092222,noise,85.82459778747697,False,False,Ferrous Metals,Iron & Steel,82.05263157894737,True,True,,,,
ADANIPOWER.NS,248.91000366210938,224.4516690572103,212.37638982137045,195.89400054931642,163.0181337483724,155.48385009765624,230.39715372381062,105.41999816894531,252.64999389648438,True,True,True,True,True,True,True,True,False,124.97288958354567,ppv,166.13882667172436,False,False,Power,Integrated Power Utilities,97.0,True,True,,,,
HINDZINC.NS,648.8499755859375,642.2208302815756,607.0254669189453,579.8719970703125,565.0214691162109,535.0130184936523,638.5093421527129,406.0805394823193,719.8477125036038,True,True,True,True,True,True,True,True,False,50.73071892079397,noise,67.57308454568994,False,False,Non - Ferrous Metals,Zinc,89.89473684210526,True,True,,,,
BHEL.NS,422.3500061035156,407.33333079020184,359.59305657280817,330.1338006591797,289.3294004313151,273.97865020751954,409.28914585932034,205.1199951171875,424.70001220703125,True,True,True,True,True,True,True,True,False,66.10576204673694,noise,59.172343621176495,False,False,Electrical Equipment,Heavy Electrical Equipment,92.89473684210526,True,True,,,,
ADANIPORTS.NS,1824.5,1778.0333353678386,1662.8055691189236,1578.2220092773437,1511.3393375651042,1477.9520025634765,1787.308408511284,1290.5,1842.800048828125,True,True,True,True,True,True,True,True,False,31.387162119634617,noise,63.97884728063279,False,False,Transport Infrastructure,Port & Port services,83.73684210526315,True,True,,,,
OIL.NS,488.0,500.9958318074544,481.5194447835286,479.10600036621094,449.2610099283854,436.66959060668944,493.5489226191699,374.3675923313683,531.0,True,True,True,True,True,True,True,False,False,17.698844988578834,noise,20.748629499884874,False,True,Oil,Oil Exploration & Production,76.21052631578948,True,True,,,,
POLYCAB.NS,9664.0,9243.708333333334,8489.944444444445,8092.31,7748.373333333333,7628.97,9303.519576747454,5727.946687671006,9696.0,True,True,True,True,True,True,True,True,False,65.17514294977906,noise,46.11574242485057,False,False,Industrial Products,Cables - Electricals,92.78947368421052,True,True,,,,
AUROPHARMA.NS,1435.9000244140625,1491.7583312988281,1431.3472222222222,1394.027998046875,1253.8099967447918,1209.688878479004,1474.7217086132835,1016.0999755859375,1550.0,True,True,True,True,True,True,True,False,False,21.300289471342282,noise,53.775517701759114,False,False,Pharmaceuticals & Biotechnology,Pharmaceuticals,78.15789473684211,True,True,,,,
FEDERALBNK.NS,288.8999938964844,285.5124994913737,288.7138900756836,282.15600036621095,269.85720123291014,251.6310050201416,287.7599735132202,183.99616636888095,302.0,True,True,True,True,True,True,True,True,False,42.87415406564272,noise,44.67022032252061,False,False,Banks,Private Sector Bank,87.68421052631578,True,True,,,,
MAHABANK.NS,80.08000183105469,79.2483336130778,77.5811112721761,73.75879989624023,65.80506299336751,62.93037202835083,79.84533863766602,49.536815798562024,85.9000015258789,True,True,True,True,True,True,True,True,False,58.629429119727035,noise,33.271462902361456,False,False,Banks,Public Sector Bank,92.0,True,True,,,,
NMDC.NS,92.27999877929688,89.92833391825359,88.67777824401855,85.71619995117187,79.88029561360678,77.83757026672363,90.02785210987606,63.93605553096449,94.25,True,True,True,True,True,True,True,True,False,33.00259697246035,ppv,101.85780447148976,False,False,Minerals & Mining,Industrial Minerals,84.21052631578947,True,True,,,,
ADANIENSOL.NS,1540.0999755859375,1362.2416687011719,1316.8958401150173,1222.6920031738282,1060.88,1005.8882510375977,1403.4412446558222,744.9000244140625,1558.800048828125,True,True,True,True,True,True,True,True,False,75.70018789957382,ppv,224.32692056028887,False,False,Power,Power Distribution,94.05263157894737,True,True,,,,
NESTLEIND.NS,1427.5,1434.1749877929688,1392.933332655165,1337.2600024414062,1293.9701635742188,1262.3069976806642,1429.360444754278,1078.874971449518,1498.0999755859375,True,True,True,True,True,True,True,False,False,19.38715015511341,noise,57.134903638675716,False,False,Food Products,Packaged Foods,77.0,True,True,,,,
GOKULAGRO.NS,235.44000244140625,232.7791659037272,224.20944425794812,212.55399993896484,188.80699951171874,185.94974967956543,230.42655441042314,119.20999908447266,249.9199981689453,True,True,True,True,True,True,True,True,False,91.00312627850306,noise,31.18585635914448,False,False,Agricultural Food & other Products,Edible Oil,95.10526315789474,True,True,,,,
APARINDS.NS,13426.0,12625.333333333334,12091.527777777777,11428.15,9745.12,9412.2625,12723.773456950781,6801.0,13580.0,True,True,True,True,True,True,True,True,False,74.09590605863004,ppv,205.46695227249327,False,False,Electrical Equipment,Other Electrical Equipment,93.6842105263158,True,True,,,,
NLCINDIA.NS,349.8999938964844,345.7458318074544,316.72222306993274,302.4800015258789,268.7285669962565,263.6971417999268,344.8289896702863,216.33624791780156,387.79998779296875,True,True,True,True,True,True,True,True,False,48.50405663749826,noise,88.32500264549546,False,True,Power,Power Generation,89.26315789473685,True,True,,,,
AUBANK.NS,1005.0,988.9333343505859,1001.9236128065321,969.2750012207031,960.6536669921875,904.5460009765625,994.6951338655182,682.1500244140625,1079.550048828125,True,True,True,True,True,True,True,True,False,44.533096405342775,noise,36.235590802617835,False,False,Banks,Other Bank,88.1578947368421,True,True,,,,
NATIONALUM.NS,433.04998779296875,407.6708348592122,413.98583730061847,404.05784423828123,339.2578351847331,303.7248905181885,411.66526340141377,168.71957714239406,442.9435720664075,True,True,True,True,True,True,True,True,False,146.19736221734402,green,133.63365341134144,False,False,Non - Ferrous Metals,Aluminium,97.84210526315789,True,True,,,,
LLOYDSME.NS,1858.800048828125,1744.0333455403645,1686.9166734483506,1568.6040063476562,1356.426669921875,1350.5985028076173,1771.5559164127026,1042.9000244140625,1888.5999755859375,True,True,True,True,True,True,True,True,False,38.90301275234358,noise,79.2539034182008,False,False,Minerals & Mining,Industrial Minerals,86.8421052631579,True,True,,,,
BHARATFORG.NS,1938.5999755859375,1911.7666727701824,1880.5361192491318,1830.4180053710938,1608.1088403320311,1503.1155053710938,1915.391848842559,1099.2431646909151,2044.0,True,True,True,True,True,True,True,True,False,57.29467022914434,noise,42.37634448869752,False,False,Auto Components,Auto Components & Equipments,91.3157894736842,True,True,,,,
RPTECH.NS,525.9500122070312,529.9541676839193,484.5402772691515,446.6540002441406,381.7596663411458,362.21070236206054,531.4549833549092,274.03069500955513,560.0,True,True,True,True,True,True,True,False,False,70.68784975161402,noise,57.50213998601967,False,False,IT - Hardware,Computers Hardware & Equipments,93.36842105263158,True,True,,,,
WELCORP.NS,1372.9000244140625,1320.0999959309895,1206.8583306206597,1097.0739965820312,913.8233329264323,902.5447497558594,1316.695523121207,710.0,1380.0,True,True,True,True,True,True,True,True,False,81.13062206374101,green,135.6874745880765,False,False,Industrial Products,Iron & Steel Products,94.63157894736842,True,True,,,,
CESC.NS,185.8699951171875,181.18499755859375,178.55333285861545,171.52459930419923,166.4003291829427,164.38595291137696,182.4031442220813,138.1199951171875,204.5,True,True,True,True,True,True,True,True,False,12.80826187956352,green,130.48003055472245,False,False,Power,Integrated Power Utilities,72.84210526315789,True,True,,,,
GLENMARK.NS,2384.89990234375,2337.616658528646,2310.830559624566,2261.9780029296876,2070.066667480469,2051.2228466796873,2350.3762903024995,1366.6478144531218,2474.0,True,True,True,True,True,True,True,True,False,68.33894675693064,noise,78.62478661405619,False,False,Pharmaceuticals & Biotechnology,Pharmaceuticals,93.26315789473684,True,True,,,,
SIEMENS.NS,3878.699951171875,3660.5333048502603,3663.25833468967,3500.0880078125,3264.5360026041667,3238.2985021972654,3717.868502286856,2826.0,3930.0,True,True,True,True,True,True,True,True,False,17.372748185863674,ppv,341.19281103919457,True,False,Electrical Equipment,Heavy Electrical Equipment,75.94736842105263,True,True,,,,
RBLBANK.NS,348.25,333.58333587646484,328.0138905843099,319.6750012207031,313.9596671549479,302.85824974060057,337.51405653755137,203.16122381938294,353.0,True,True,True,True,True,True,True,True,False,66.4759974356339,noise,78.81553987322248,False,False,Banks,Private Sector Bank,92.94736842105263,True,True,,,,
ADANIGREEN.NS,1489.9000244140625,1388.125,1260.6680569118923,1147.3710009765625,1041.002998860677,1028.8902496337892,1402.906957023015,765.0,1518.0,True,True,True,True,True,True,True,True,False,50.96002897677943,green,131.8527258415579,False,False,Power,Power Generation,90.0,True,True,,,,
KEI.NS,5446.2001953125,5166.6500244140625,4930.38616265191,4712.278037109375,4437.367701822916,4337.466077880859,5230.827766521481,3412.5594629566626,5455.0,True,True,True,True,True,True,True,True,False,58.48419345162863,noise,73.05747706482238,False,False,Industrial Products,Cables - Electricals,91.78947368421052,True,True,,,,
THERMAX.NS,4590.60009765625,4487.0250244140625,4174.250013563368,3913.0560009765627,3311.505997721354,3301.2799975585935,4467.638640790776,2742.699951171875,4880.0,True,True,True,True,True,True,True,True,False,28.13794584828542,green,189.77859902173034,False,False,Electrical Equipment,Heavy Electrical Equipment,81.89473684210526,True,True,,,,
TORNTPHARM.NS,4537.7998046875,4440.6833902994795,4281.11669921875,4264.330024414063,4018.981998697917,3904.8840405273436,4463.412498953818,3075.0328854559925,4712.89990234375,True,True,True,True,True,True,True,True,False,44.18984486667532,noise,60.224884424432204,False,True,Pharmaceuticals & Biotechnology,Pharmaceuticals,88.05263157894737,True,True,,,,
J&KBANK.NS,143.8800048828125,135.58416748046875,131.91388935512967,127.6770004272461,113.02733352661133,110.45057403564454,138.17366745469948,97.3499984741211,145.0,True,True,True,True,True,True,True,True,False,44.97549499133506,ppv,80.68282544606356,False,False,Banks,Private Sector Bank,88.42105263157895,True,True,,,,
ABB.NS,7219.0,6571.375,6888.916653103299,6685.572626953125,5775.401097005209,5617.482932128906,6761.161367060849,4618.610322519749,7790.636939142663,True,True,True,True,True,True,True,True,False,21.831700575343138,green,138.2052993423257,False,False,Electrical Equipment,Heavy Electrical Equipment,78.6842105263158,True,True,,,,
CUMMINSIND.NS,6027.5,5387.833333333333,5235.405531141493,5062.213994140625,4596.694462890625,4420.752858886719,5475.699532647398,2875.2792251600035,6099.0,True,True,True,True,True,True,True,True,False,107.86374433489576,ppv,249.09812633686929,False,False,Industrial Products,"Compressors, Pumps & Diesel Engines",96.26315789473684,True,True,,,,
RRKABEL.NS,1951.0,1960.558349609375,1695.0916714138455,1599.4940014648437,1481.4322102864583,1419.5682043457032,1944.231809120855,1161.6675515675188,2049.0,True,True,True,True,True,True,True,True,False,49.39844628379755,red,156.059144059805,False,False,Industrial Products,Cables - Electricals,89.57894736842105,True,True,,,,
KARURVYSYA.NS,294.04998779296875,290.04166412353516,290.35277557373047,287.222998046875,277.6343329874675,261.868147277832,292.00973417259524,179.94499972680077,343.45001220703125,True,True,True,True,True,True,True,True,False,57.55945007910326,noise,69.9591307655535,False,False,Banks,Private Sector Bank,91.47368421052632,True,True,,,,
THANGAMAYL.NS,3923.800048828125,3728.8583374023438,3941.1888834635415,3805.813994140625,3463.486004231771,3119.985505371094,3815.405505251687,1750.0999755859375,4373.0,True,True,True,True,True,True,True,True,False,108.30683899886542,noise,70.20955049073604,False,False,Consumer Durables,"Gems, Jewellery And Watches",96.3157894736842,True,True,,,,
NYKAA.NS,263.1499938964844,270.05416615804035,266.0852779812283,258.997799987793,258.1426666259766,252.6063996887207,269.49778706388923,191.16000366210938,285.6000061035156,True,True,True,True,True,True,True,False,False,29.44562083097617,red,108.24181107812049,False,False,Retailing,E-Retail/ E-Commerce,83.0,True,True,,,,
ARVIND.NS,484.8999938964844,470.82083384195965,420.5986107720269,402.31300048828126,355.338666788737,341.8832496643066,474.40047223212827,274.79998779296875,500.95001220703125,True,True,True,True,True,True,True,True,False,33.9068130383404,noise,30.04355470895042,False,True,Textiles & Apparels,Garments & Apparels,84.68421052631578,True,True,,,,
VTL.NS,595.5,606.8041788736979,589.7291700575087,574.287001953125,496.4503330485026,475.1924211120606,604.0619336624542,379.293213735748,647.0,True,True,True,True,True,True,True,False,False,20.0037489363869,noise,20.6050615188118,False,False,Textiles & Apparels,Other Textile Products,77.42105263157895,True,True,,,,
EMCURE.NS,1725.300048828125,1704.3916625976562,1663.699998643663,1626.36599609375,1499.7146663411459,1470.7889074707032,1711.6512528198684,1198.5215932057285,1830.0,True,True,True,True,True,True,True,True,False,34.60508726971155,noise,53.6038259424019,False,False,Pharmaceuticals & Biotechnology,Pharmaceuticals,84.84210526315789,True,True,,,,
KTKBANK.NS,271.8500061035156,256.8583335876465,254.5205544365777,246.42779907226563,212.84846588134766,202.39888633728026,262.60093781162385,164.46822856250571,278.0,True,True,True,True,True,True,True,True,False,42.469260807986984,noise,59.69420301582258,False,True,Banks,Private Sector Bank,87.63157894736841,True,True,,,,
CRAFTSMAN.NS,8688.5,8594.583333333334,7986.916666666667,7677.75,7408.753333333333,7247.82,8588.535529021006,5095.705042553002,9738.0,True,True,True,True,True,True,True,True,False,64.11238670728301,noise,24.003063666826232,False,False,Auto Components,Auto Components & Equipments,92.57894736842105,True,True,,,,
KIRLOSENG.NS,1830.0,1679.183329264323,1644.2972208658855,1572.86,1312.9808992513022,1212.185920715332,1714.4859959397738,820.558352844598,1836.0,True,True,True,True,True,True,True,True,False,116.33696671425935,green,148.51853183187697,False,False,Industrial Products,"Compressors, Pumps & Diesel Engines",96.57894736842105,True,True,,,,
POWERINDIA.NS,37550.0,34308.75,32062.222222222223,30024.9,23537.04,22460.949814453124,35245.216082675535,16111.0,37695.0,True,True,True,True,True,True,True,True,False,118.93734715433038,ppv,189.59303343660133,False,False,Electrical Equipment,Heavy Electrical Equipment,96.6842105263158,True,True,,,,
JAYNECOIND.NS,104.51000213623047,104.05416742960612,101.5847225189209,93.66840026855469,82.40499994913738,78.00679998397827,104.52711911282434,34.900001525878906,117.0,True,True,True,True,True,True,True,False,False,160.55846558441237,noise,67.41335104657594,False,False,Industrial Products,Iron & Steel Products,98.26315789473684,True,True,,,,
EQUITASBNK.NS,72.18000030517578,68.45333417256673,66.90194458431668,63.69680007934571,63.50726676940918,61.39875,69.16406123016286,50.0,74.5999984741211,True,True,True,True,True,True,True,True,False,12.185272635255151,noise,97.50786426077886,False,False,Banks,Other Bank,72.42105263157896,True,True,,,,
HFCL.NS,173.9199981689453,150.5366668701172,120.94555621676975,106.92360046386719,82.10846707661946,79.93466878890992,153.23359827366815,59.81999969482422,176.44000244140625,True,True,True,True,True,True,True,True,False,99.96484218236364,green,142.56875775473551,False,False,Telecom - Services,Telecom - Infrastructure,95.84210526315789,True,True,,,,
LAURUSLABS.NS,1381.699951171875,1335.6083374023438,1197.4547695583767,1141.235595703125,1058.1310782877604,1011.5143591308594,1338.3700268084365,584.8347436424112,1391.5,True,True,True,True,True,True,True,True,False,133.30806611141986,noise,63.083122080247,False,False,Pharmaceuticals & Biotechnology,Pharmaceuticals,97.15789473684211,True,True,,,,
SKYGOLD.NS,486.6499938964844,462.7250010172526,443.59722222222223,413.73099914550784,364.2196659342448,345.80024948120115,472.0631894752839,246.0500030517578,549.9000244140625,True,True,True,True,True,True,True,True,False,36.91095152165473,green,216.32821457455117,False,False,Consumer Durables,"Gems, Jewellery And Watches",86.21052631578947,True,True,,,,
BBOX.NS,994.0999755859375,922.1875,703.7472220526802,642.565,567.6443330891927,550.0869496154785,930.859509290258,435.04998779296875,1037.3499755859375,True,True,True,True,True,True,True,True,False,121.66802345438312,green,143.74552430974356,False,True,IT - Services,IT Enabled Services,96.89473684210526,True,True,,,,
GVT&D.NS,5097.7001953125,4597.5416259765625,4409.741651746962,4205.453984375,3506.423994140625,3350.449393310547,4738.477716104725,1852.1066232810126,5183.5,True,True,True,True,True,True,True,True,False,170.91613823013492,ppv,175.96361191385,False,False,Electrical Equipment,Heavy Electrical Equipment,98.42105263157895,True,True,,,,
FINCABLES.NS,1177.25,1066.820836385091,1000.7083333333334,952.6710021972656,840.661669921875,837.622057800293,1079.4301758381496,700.7999877929688,1184.800048828125,True,True,True,True,True,True,True,True,False,22.826357042706725,ppv,346.0068874237673,True,False,Industrial Products,Cables - Electricals,79.42105263157895,True,True,,,,
WHEELS.NS,1654.5,1530.5333353678386,1259.2652808295356,1183.5260009765625,967.9204524739583,924.2638504028321,1565.72027856756,701.4852759742325,1744.0,True,True,True,True,True,True,True,True,False,119.8205386953099,noise,35.071085277659826,False,True,Auto Components,Auto Components & Equipments,96.84210526315789,True,True,,,,
BSE.NS,4248.39990234375,4136.049987792969,3736.3555569118926,3488.276005859375,2987.5166731770832,2809.715500488281,4180.491591000254,2021.5,4446.7998046875,True,True,True,True,True,True,True,True,False,73.54574764476102,noise,99.68661428177495,False,False,Capital Markets,Exchange and Data Platform,93.63157894736842,True,True,,,,
TMB.NS,679.0499877929688,679.9249928792318,686.937501695421,663.7810009765625,591.3780017089844,550.6497512817383,685.4439514833765,411.79998779296875,770.0,True,True,True,True,True,True,True,False,False,54.87438817227965,noise,25.180524874802185,False,False,Banks,Private Sector Bank,90.89473684210526,True,True,,,,
SCI.NS,303.45001220703125,323.5249989827474,301.9572224087185,282.14720031738284,250.64371012369793,240.35317481994628,316.7214790728149,184.75069976725234,368.75,True,True,True,True,True,True,True,False,False,58.34295694757004,noise,40.562393584135165,False,False,Transport Services,Shipping,91.6842105263158,True,True,,,,
GESHIP.NS,1511.300048828125,1603.1193339029949,1506.0962931315105,1480.456171875,1259.2253584798177,1187.899371948242,1610.238239127445,882.7545896735261,1785.7401180778952,True,True,True,True,True,True,True,False,False,68.37501182344803,red,133.6648502831023,False,False,Transport Services,Shipping,93.3157894736842,True,True,,,,
RADICO.NS,3439.300048828125,3513.88330078125,3297.294420030382,3125.713984375,3066.4073274739585,3025.004495849609,3512.0299976304764,2432.771959588054,3679.0,True,True,True,True,True,True,True,False,False,39.19689460909157,noise,97.74862286279621,False,False,Beverages,Breweries & Distilleries,86.94736842105263,True,True,,,,
GRANULES.NS,782.5999755859375,749.9250030517578,706.3888939751519,676.7560034179687,608.2140006510417,583.1247502136231,755.7113781499454,432.6000061035156,800.0,True,True,True,True,True,True,True,True,False,52.07138726445282,ppv,828.0796455128966,False,False,Pharmaceuticals & Biotechnology,Pharmaceuticals,90.15789473684211,True,True,,,,
GAEL.NS,160.47000122070312,163.2216657002767,157.2480549282498,150.73499954223632,133.60546661376952,126.64276737213135,162.43665188615333,101.19999694824219,177.9199981689453,True,True,True,True,True,True,True,False,False,38.84571719631664,noise,48.691997391614684,False,False,Agricultural Food & other Products,Other Agricultural Products,86.78947368421052,True,True,,,,
SYRMA.NS,1053.800048828125,1028.562505086263,988.9624989827474,929.9039990234374,831.027333984375,819.2339535522461,1037.0960651238129,499.0761959610563,1188.0,True,True,True,True,True,True,True,True,False,96.87658179818732,noise,34.155305036278506,False,False,Industrial Manufacturing,Industrial Products,95.52631578947368,True,True,,,,
ANGELONE.NS,336.95001220703125,322.63333892822266,311.7255562676324,288.79584350585935,263.683994140625,255.73259063720704,331.2554962851758,206.75854823075167,351.0,True,True,True,True,True,True,True,True,False,12.15673694473356,noise,61.07614521247674,False,False,Capital Markets,Stockbroking & Allied,72.36842105263158,True,True,,,,
SHRIPISTON.NS,3323.60009765625,3331.3000284830728,3438.286119249132,3313.64201171875,3043.2342138671875,2930.2740563964844,3326.2030301980417,2297.412275557539,3764.89990234375,True,True,True,True,True,True,True,False,False,36.32154320357779,noise,27.558719605008964,False,False,Auto Components,Auto Components & Equipments,85.73684210526315,True,True,,,,
STLTECH.NS,510.6499938964844,432.9458287556966,333.2013867696126,291.2875988769531,177.05139933268228,163.1316993331909,443.51810929378547,67.69999694824219,510.6499938964844,True,True,True,True,True,True,True,True,False,609.1375902620068,dry,7.590571997549894,False,False,Telecom -  Equipment & Accessories,Telecom -  Equipment & Accessories,99.94736842105263,True,True,,,,
AJANTPHARM.NS,3020.800048828125,3146.5416666666665,2947.699998643663,2930.6180029296875,2779.6302799479167,2713.872518310547,3102.278006281187,2304.0552404050886,3314.89990234375,True,True,True,True,True,True,True,False,False,18.697669483720848,red,131.6925015869084,False,False,Pharmaceuticals & Biotechnology,Pharmaceuticals,76.84210526315789,True,True,,,,
CEIGALL.NS,347.6000061035156,341.34583536783856,328.8097229003906,312.8640008544922,279.0321334838867,274.58834968566896,342.74855265507364,222.61000061035156,386.3999938964844,True,True,True,True,True,True,True,True,False,38.10091788558647,noise,77.236112267759,False,True,Construction,Civil Construction,86.63157894736842,True,True,,,,
PRECWIRE.NS,444.79998779296875,403.34166208902997,390.10416497124567,364.51899780273436,289.25068328857424,262.91558166503904,419.6213961188682,168.08525400328446,467.5,True,True,True,True,True,True,True,True,False,148.71418715635906,noise,70.91951425934506,False,False,Industrial Products,"Aluminium, Copper & Zinc Products",97.89473684210527,True,True,,,,
STAR.NS,1154.4000244140625,1156.4999898274739,1079.986111111111,1036.4209997558594,937.8419982910157,916.821748046875,1154.5425582672422,685.65100434975,1231.0,True,True,True,True,True,True,True,False,False,58.49348443170263,noise,52.62012757665631,False,False,Pharmaceuticals & Biotechnology,Pharmaceuticals,91.84210526315789,True,True,,,,
HSCL.NS,607.2000122070312,592.8539123535156,561.3648198445638,529.2320361328125,485.29633239746096,479.1192985534668,595.0832789481866,417.9330556788151,653.5634546798412,True,True,True,True,True,True,True,True,False,28.220936622927773,green,101.23412256235366,False,False,Chemicals & Petrochemicals,Carbon Black,82.0,True,True,,,,
LUMAXTECH.NS,1668.0999755859375,1633.3333333333333,1687.7777811686199,1653.5420043945312,1530.939335123698,1435.2116726684571,1636.4573016876902,646.9542691799244,1898.0,True,True,True,True,True,True,True,True,False,152.1941136574405,noise,78.77796919216235,False,False,Auto Components,Auto Components & Equipments,98.05263157894737,True,True,,,,
ASTERDM.NS,741.25,749.7458292643229,716.2013821072048,698.4328344726563,652.6081526692708,646.7075134277344,748.9348704439722,516.8361420654307,776.5499877929688,True,True,True,True,True,True,True,False,False,34.65830537062513,noise,34.477803122878605,False,False,Healthcare Services,Hospital,84.89473684210526,True,True,,,,
ATHERENERG.NS,955.5,923.6833292643229,903.0319417317709,861.7449975585937,742.857665608724,686.7524990844727,925.8992203677327,301.0,989.4000244140625,True,True,True,True,True,True,True,True,False,199.67068581136988,noise,45.70232052536525,False,True,Automobiles,2/3 Wheelers,98.94736842105263,True,True,,,,
SONACOMS.NS,618.7000122070312,589.3208262125651,580.6236063639323,557.2219970703125,514.5350685628255,494.88196395874024,595.4947073492687,400.9971212731793,621.7999877929688,True,True,True,True,True,True,True,True,False,15.910855228364863,noise,75.41852649940289,False,False,Auto Components,Auto Components & Equipments,75.05263157894737,True,True,,,,
VMARCIND.NS,1142.6500244140625,1123.0333353678386,959.6555582682291,873.0080017089844,729.9116678873698,662.9100012207032,1109.8757540488396,271.3500061035156,1260.0,True,True,True,True,True,True,True,True,False,255.41213823143468,noise,94.53781512605042,False,True,Industrial Products,Cables - Electricals,99.47368421052632,True,True,,,,
AIAENG.NS,4428.10009765625,3969.7916870117188,3928.213907877604,3830.81001953125,3787.515341796875,3617.224071044922,4062.829235529003,2985.486170743132,4495.0,True,True,True,True,True,True,True,True,False,35.02984690386857,ppv,1335.0183524450404,True,False,Industrial Products,Castings & Forgings,85.26315789473684,True,True,,,,
GOODLUCK.NS,1381.300048828125,1359.7250061035156,1270.8430548773872,1198.7750036621094,1154.733594156901,1151.3428411865234,1373.1322094525156,870.722888861753,1475.0,True,True,True,True,True,True,True,True,False,52.686311111374984,green,135.91102196431487,False,True,Industrial Products,Iron & Steel Products,90.31578947368422,True,True,,,,
SCHNEIDER.NS,1377.5999755859375,1301.9666646321614,1196.2249993218315,1109.6199975585937,881.7030008951823,878.7745007324219,1324.5753318619422,571.8499755859375,1417.800048828125,True,True,True,True,True,True,True,True,False,106.38201881437266,ppv,175.15142827021754,False,False,Electrical Equipment,Heavy Electrical Equipment,96.21052631578947,True,True,,,,
SANSERA.NS,2941.699951171875,2606.0499877929688,2494.5916815863716,2387.6020068359376,1995.098662923177,1838.685848388672,2727.168521610105,1213.621511341324,2992.199951171875,True,True,True,True,True,True,True,True,False,139.61251794726982,green,110.5070689780369,False,False,Auto Components,Auto Components & Equipments,97.52631578947368,True,True,,,,
USHAMART.NS,510.45001220703125,473.4875030517578,457.5388895670573,442.0170001220703,437.82999918619794,429.9422492980957,477.8833196833038,299.9014271132958,518.0,True,True,True,True,True,True,True,True,False,58.220323046531064,ppv,812.856550037589,True,False,Industrial Products,Iron & Steel Products,91.63157894736842,True,True,,,,
NAVINFLUOR.NS,7244.5,7092.541666666667,6716.75,6548.53,6153.5315625,5815.3404296875,7166.846778520494,4214.424098836464,7525.0,True,True,True,True,True,True,True,True,False,68.07088079680406,noise,52.12227738516164,False,False,Chemicals & Petrochemicals,Specialty Chemicals,93.21052631578948,True,True,,,,
ENGINERSIN.NS,234.39999389648438,237.41666666666666,239.47222349378796,226.0522006225586,205.30938415527345,203.4683811187744,235.6745129387573,162.352472800208,267.0,True,True,True,True,True,True,True,False,False,20.184049756524168,noise,89.73954695984351,False,False,Construction,Civil Construction,77.57894736842104,True,True,,,,
SATIN.NS,221.83999633789062,220.96916580200195,190.45749961005316,177.6277996826172,159.3318664550781,155.49894981384278,217.5870164944613,133.00999450683594,245.5399932861328,True,True,True,True,True,True,True,True,False,36.87911785806417,noise,34.09534767971415,False,False,Finance,Microfinance Institutions,86.10526315789474,True,True,,,,
JBCHEPHARM.NS,2204.199951171875,2163.5333455403647,2078.7111206054688,2075.530007324219,1921.9843782552084,1863.7750091552734,2177.2815933723678,1586.7248625722445,2285.300048828125,True,True,True,True,True,True,True,True,False,30.875620727262266,noise,51.550787525283596,False,False,Pharmaceuticals & Biotechnology,Pharmaceuticals,83.52631578947368,True,True,,,,
MCX.NS,3158.5,3305.6999715169272,3006.80276828342,2859.3379931640625,2411.0153287760418,2210.1015673828124,3266.1025691922723,1258.1946378934829,3480.0,True,True,True,True,True,True,True,False,False,144.1712057556781,noise,88.93855492169097,False,False,Capital Markets,Exchange and Data Platform,97.73684210526315,True,True,,,,
SANGAMIND.NS,515.9000244140625,499.4833348592122,495.6902770996094,476.5949993896484,459.67399943033854,442.63153915405275,505.19666891635694,339.84925342523246,576.9500122070312,True,True,True,True,True,True,True,True,False,20.14407897991104,noise,23.084391177714814,False,True,Textiles & Apparels,Other Textile Products,77.47368421052632,True,True,,,,
NITINSPIN.NS,494.8999938964844,501.24999745686847,459.30416531032984,432.6019989013672,366.09733337402344,358.54535079956054,498.2292296098255,302.20001220703125,544.9500122070312,True,True,True,True,True,True,True,False,False,30.080025822078092,noise,38.91796000600256,False,False,Textiles & Apparels,Other Textile Products,83.21052631578948,True,True,,,,
MANINDS.NS,528.5999755859375,553.8083343505859,526.5416658189562,479.84299926757814,427.8016668701172,422.16850051879885,551.6245558200442,302.04998779296875,606.4000244140625,True,True,True,True,True,True,True,False,False,58.405740560173584,red,110.74992213322057,False,False,Industrial Products,Iron & Steel Products,91.73684210526316,True,True,,,,
GMDCLTD.NS,699.0999755859375,657.7708231608073,673.8624928792318,643.1259936523437,587.5649971516928,567.663712310791,669.6436254157732,340.50289295068467,771.9000244140625,True,True,True,True,True,True,True,True,False,100.9973485637154,noise,62.980059249642906,False,False,Minerals & Mining,Industrial Minerals,96.05263157894737,True,True,,,,
NETWEB.NS,4072.0,3876.8916829427085,3865.552788628472,3680.7760107421873,3457.504671223958,3340.9220141601563,3914.818820179039,1698.0424989895453,4492.0,True,True,True,True,True,True,True,True,False,126.74826602052791,green,120.6491494277782,False,False,IT - Services,IT Enabled Services,97.05263157894737,True,True,,,,
UNIVCABLES.NS,1169.4000244140625,1046.5791676839192,931.3347218831381,851.552998046875,809.4669978841146,787.3304067993164,1079.635442550415,564.8529936386731,1239.0,True,True,True,True,True,True,True,True,False,91.40803029688477,noise,67.44374368393606,False,True,Industrial Products,Cables - Electricals,95.15789473684211,True,True,,,,
NAM-INDIA.NS,1088.9000244140625,1083.558329264323,1030.0527750651042,977.3490002441406,914.5602897135417,893.2764266967773,1085.7989536672433,696.057360039132,1125.0,True,True,True,True,True,True,True,True,False,53.60176671143713,noise,47.12834373408233,False,False,Capital Markets,Asset Management Company,90.52631578947368,True,True,,,,
BHAGYANGR.NS,279.25,297.6749979654948,256.476389143202,225.56599975585937,174.7870666503906,154.33815002441406,286.24992668224496,70.20999908447266,351.8999938964844,True,True,True,True,True,True,True,False,False,247.1100193821717,noise,28.75894711982171,False,True,Non - Ferrous Metals,Copper,99.36842105263159,True,True,,,,
PRIVISCL.NS,3290.5,3201.0167032877603,3197.4305826822915,3120.0400244140624,3013.542010091146,2859.527509765625,3262.807876653197,2045.7852757278665,3590.89990234375,True,True,True,True,True,True,True,True,False,41.259498517276505,noise,47.12810060694926,False,False,Chemicals & Petrochemicals,Specialty Chemicals,87.36842105263159,True,True,,,,
IMFA.NS,1472.4000244140625,1458.4666646321614,1474.4972262912327,1405.1280004882813,1325.4080623372395,1240.6753594970703,1463.6701962454104,608.1690827315597,1679.9000244140625,True,True,True,True,True,True,True,True,False,138.95397839748762,red,379.73202137667863,False,False,Ferrous Metals,Ferro & Silica Manganese,97.47368421052632,True,True,,,,
JAMNAAUTO.NS,123.91999816894531,116.89916674296062,121.97083303663466,120.8013998413086,120.76628682454427,115.43384731292724,118.93033699289032,84.70709147216674,152.60000610351562,True,True,True,True,True,True,True,True,False,39.5076036102644,noise,72.62011913006963,False,False,Auto Components,Auto Components & Equipments,87.0,True,True,,,,
HONASA.NS,419.95001220703125,367.80833435058594,350.9791675143772,333.1540008544922,299.9633339436849,297.51425033569336,379.4620128496144,248.39999389648438,422.75,True,True,True,True,True,True,True,True,False,52.62029605244551,ppv,215.39676098706715,False,False,Personal Products,Personal Care,90.26315789473685,True,True,,,,
NATCOPHARM.NS,1175.800048828125,1174.0750122070312,1129.8041619194878,1084.6980004882812,947.4316202799479,924.1010037231446,1170.7026173598324,786.2389853809464,1226.800048828125,True,True,True,True,True,True,True,True,False,34.604359018127774,noise,43.367663781279205,False,False,Pharmaceuticals & Biotechnology,Pharmaceuticals,84.78947368421052,True,True,,,,
GRAPHITE.NS,746.7999877929688,748.8249969482422,717.2347191704644,688.2359973144531,635.5680008951823,612.6245010375976,746.6192657247196,502.996619240164,802.4000244140625,True,True,True,True,True,True,True,True,False,41.09344101214454,noise,41.40533976909924,False,False,Industrial Products,Electrodes & Refractories,87.26315789473685,True,True,,,,
SPORTKING.NS,179.3800048828125,156.71000035603842,147.7602767944336,139.0843992614746,111.16853312174479,110.15012424468995,162.85040745775638,78.16999816894531,187.4499969482422,True,True,True,True,True,True,True,True,False,52.827339079252766,ppv,173.32900569899965,False,False,Textiles & Apparels,Other Textile Products,90.42105263157895,True,True,,,,
ANDHRSUGAR.NS,87.0,89.72500038146973,91.28222211201985,85.68919967651367,78.77146677652995,78.34149124145507,89.43494119374478,66.5,107.2300033569336,True,True,True,True,True,True,True,False,False,13.827659151400162,noise,41.946024397694664,False,True,Chemicals & Petrochemicals,Commodity Chemicals,73.42105263157895,True,True,,,,
SAILIFE.NS,1131.199951171875,1121.0250142415364,1059.3736029730903,1038.2969934082032,948.148330078125,928.2624984741211,1127.9942120888777,707.0,1184.800048828125,True,True,True,True,True,True,True,True,False,57.2858637335846,noise,53.34994658816955,False,False,Pharmaceuticals & Biotechnology,Pharmaceuticals,91.26315789473685,True,True,,,,
SURYODAY.NS,165.8000030517578,164.97833251953125,153.88444391886392,146.1263996887207,140.6664665222168,138.44689987182616,163.15351834891388,115.41000366210938,190.77999877929688,True,True,True,True,True,True,True,True,False,32.53397687775043,noise,63.81313410156243,False,False,Banks,Other Bank,84.10526315789474,True,True,,,,
GRWRHITECH.NS,5746.2001953125,5473.083333333333,4607.436109754774,4338.53599609375,3845.5413346354167,3643.5877038574217,5503.440280469784,2671.6173087131406,5857.0,True,True,True,True,True,True,True,True,False,36.78671547565165,noise,59.895699722335515,False,True,Industrial Products,Plastic Products - Industrial,86.05263157894737,True,True,,,,
TDPOWERSYS.NS,1331.5,1270.9333394368489,1132.6041632758247,1051.4029968261718,850.9458345540364,775.8313475036621,1289.029607347786,451.94684966011926,1379.5999755859375,True,True,True,True,True,True,True,True,False,174.30338385065926,red,105.1576233276579,False,False,Electrical Equipment,Heavy Electrical Equipment,98.47368421052632,True,True,,,,
CARRARO.NS,555.0999755859375,576.6750030517578,559.0597245958116,528.5310028076171,527.2363344319662,506.7564538574219,579.4398233062809,396.8366996501002,667.5499877929688,True,True,True,True,True,True,True,False,False,27.267148969986742,red,1113.1515975092332,False,False,Auto Components,Auto Components & Equipments,81.57894736842105,True,True,,,,
PROV.NS,1580.0,1523.3458353678386,1356.7611151801216,1305.5850024414062,1253.664666341146,1190.8952505493164,1549.7998386113684,815.0999755859375,1679.949951171875,True,True,True,True,True,True,True,True,False,48.98632720414899,noise,41.92872117400419,False,False,Food Products,Other Food Products,89.31578947368422,True,True,,,,
ANURAS.NS,1368.0,1369.125,1332.2416687011719,1308.8080029296875,1261.028670247396,1223.2540057373046,1367.408568233091,932.0916819049232,1415.0,True,True,True,True,True,True,True,True,False,43.010107425492116,noise,90.38647606509798,False,False,Chemicals & Petrochemicals,Specialty Chemicals,87.73684210526315,True,True,,,,
KINGFA.NS,5540.5,5268.4666748046875,4903.097222222223,4681.78599609375,4407.898009440104,4365.038510742187,5300.178679088497,3006.0,5656.60009765625,True,True,True,True,True,True,True,True,False,74.43251313880535,ppv,188.27786038742792,False,False,Industrial Products,Plastic Products - Industrial,93.84210526315789,True,True,,,,
AVALON.NS,1497.0999755859375,1393.2333272298176,1200.7152760823567,1124.9409985351563,1021.9176684570313,1008.8392514038086,1421.9009959829816,777.2999877929688,1558.5999755859375,True,True,True,True,True,True,True,True,False,72.04090491666864,noise,67.38125046726184,False,True,Electrical Equipment,Other Electrical Equipment,93.52631578947368,True,True,,,,
DREDGECORP.NS,1191.5,1004.6208241780599,961.4722171359592,931.3889953613282,930.418330485026,856.4992477416993,1058.5180289650725,538.0,1245.0,True,True,True,True,True,True,True,True,False,61.712814839893305,ppv,249.17343390004353,False,False,Engineering Services,Dredging,92.42105263157895,True,True,,,,
INOXINDIA.NS,1524.9000244140625,1445.2750040690105,1451.9416605631511,1378.8179956054687,1228.4013297526042,1213.0514947509766,1466.7269070956124,1065.0,1615.9000244140625,True,True,True,True,True,True,True,True,False,29.10634133031822,green,140.12998912227445,False,False,Industrial Products,Other Industrial Products,82.63157894736842,True,True,,,,
ABSLAMC.NS,1027.300048828125,1026.0666758219402,1032.6541714138455,1002.8450048828125,872.581669921875,864.005751953125,1023.3591482293143,684.1017175829138,1123.5,True,True,True,True,True,True,True,True,False,46.24579705742538,noise,55.3008549452698,False,False,Capital Markets,Asset Management Company,88.73684210526316,True,True,,,,
MCLEODRUSS.NS,76.87999725341797,67.71083323160808,57.16416645050049,50.69239982604981,49.43759989420573,46.990899868011475,70.48119878355534,28.5,76.87999725341797,True,True,True,True,True,True,True,True,False,141.68500013880893,dry,17.294842171920223,False,False,Agricultural Food & other Products,Tea & Coffee,97.57894736842105,True,True,,,,
DHANBANK.NS,34.119998931884766,32.88416624069214,30.020277553134495,27.817399826049805,26.089266662597655,26.042250013351442,33.14025825402743,19.450000762939453,34.9900016784668,True,True,True,True,True,True,True,True,False,14.650533163543411,noise,94.04677603073243,False,False,Banks,Private Sector Bank,74.10526315789474,True,True,,,,
DYNAMATECH.NS,10668.0,10840.666666666666,11012.944444444445,10572.81,9594.054345703125,8903.372780761718,10979.804514144935,6316.743428028843,12875.0,True,True,True,True,True,True,True,False,False,56.3653605363986,red,157.3407646504541,False,False,Industrial Manufacturing,Industrial Products,91.10526315789474,True,True,,,,
HAPPYFORGE.NS,1416.9000244140625,1393.6166687011719,1350.441670735677,1314.7739990234375,1177.7386653645833,1117.4567498779297,1393.404978511437,808.5380702160893,1490.0,True,True,True,True,True,True,True,True,False,67.59693491934125,green,109.35989919451829,False,False,Industrial Products,Castings & Forgings,93.10526315789474,True,True,,,,
MMFL.NS,460.79998779296875,452.4499994913737,468.44444274902344,453.64499816894534,405.2373323567708,382.9212496948242,460.38268061512434,288.1000061035156,526.9500122070312,True,True,True,True,True,True,True,True,False,24.7396509502382,noise,75.11836079720796,False,False,Auto Components,Auto Components & Equipments,80.78947368421052,True,True,,,,
VISHNU.NS,599.1500244140625,590.2583312988281,579.8986155192057,559.146001586914,526.468666381836,516.4326899719239,595.3320080018956,443.70001220703125,631.0,True,True,True,True,True,True,True,True,False,21.571134441943475,noise,55.476503162116884,False,True,Chemicals & Petrochemicals,Specialty Chemicals,78.42105263157895,True,True,,,,
MBAPL.NS,528.4500122070312,537.124989827474,536.0055508083767,515.3439965820312,454.45566630045573,446.5343550109863,538.8934478227333,276.6802471278995,585.0,True,True,True,True,True,True,True,False,False,80.32063411632555,red,108.83239938097162,False,False,Fertilizers & Agrochemicals,Fertilizers,94.42105263157895,True,True,,,,
ESABINDIA.NS,7019.5,6773.166666666667,6282.530544704861,5999.1019921875,5699.421412760416,5538.292490234375,6856.216209415481,4666.9123474723465,7319.5,True,True,True,True,True,True,True,True,False,37.97049072932259,noise,65.85112680954542,False,False,Industrial Products,Other Industrial Products,86.57894736842105,True,True,,,,
NRBBEARING.NS,381.79998779296875,359.9291687011719,306.2135476006402,287.65162384033204,274.8101447550456,274.67451141357424,364.4999082285092,211.10343900049978,390.0,True,True,True,True,True,True,True,True,False,44.96695295082802,noise,59.605253442371556,False,False,Auto Components,Auto Components & Equipments,88.36842105263158,True,True,,,,
ASHIANA.NS,377.8999938964844,367.7916666666667,347.8652793036567,334.5810021972656,309.6256433105469,308.5167903137207,371.3945870858096,268.63644581896057,389.3999938964844,True,True,True,True,True,True,True,True,False,26.81077984516891,noise,43.74417596768505,False,False,Realty,"Residential, Commercial Projects",81.52631578947368,True,True,,,,
DEEDEV.NS,565.1500244140625,505.55416615804035,437.5125003390842,394.07000030517577,284.0841333007813,282.443349609375,515.638307200333,183.0,573.2999877929688,True,True,True,True,True,True,True,True,False,133.75522787234218,noise,20.313624164591047,False,True,Industrial Manufacturing,Industrial Products,97.21052631578947,True,True,,,,
DPEL.NS,501.5,517.6416575113932,479.15416378445093,450.5609985351563,339.2273324584961,300.95924945831297,509.97906455543955,123.0,547.7999877929688,True,True,True,True,True,True,True,False,False,274.25373134328356,red,110.28315946348732,False,False,Industrial Products,Cables - Electricals,99.57894736842105,True,True,,,,
DATAPATTNS.NS,4139.2001953125,3967.300048828125,3856.4500189887153,3664.8900146484375,3079.2080029296876,2968.8375024414063,4011.796031978821,2131.0,4303.0,True,True,True,True,True,True,True,True,False,52.72290762001928,noise,52.95943103869894,False,False,Aerospace & Defense,Aerospace & Defense,90.36842105263158,True,True,,,,
AXISCADES.NS,1961.800048828125,2024.9083353678386,1950.2083435058594,1810.8440087890624,1521.0446704101562,1509.7945031738282,2012.892768058612,939.0,2211.0,True,True,True,True,True,True,True,False,False,96.92833013340918,green,108.13934769866482,False,False,Aerospace & Defense,Aerospace & Defense,95.57894736842105,True,True,,,,
DSSL.NS,1803.800048828125,1557.4583435058594,1257.7263980441624,1150.9200073242187,1011.4500024414062,1000.3906332397461,1631.8152823267935,781.0,1924.800048828125,True,True,True,True,True,True,True,True,False,53.74974885278658,green,156.51555773664973,False,True,IT - Services,IT Enabled Services,90.6842105263158,True,True,,,,
SEAMECLTD.NS,1633.5999755859375,1560.2833251953125,1545.5555589463975,1500.1000024414063,1215.6829988606771,1135.1092483520508,1586.7393655918627,752.5499877929688,1709.199951171875,True,True,True,True,True,True,True,True,False,90.03081826228055,noise,79.8011755237906,False,False,Transport Services,Shipping,95.05263157894737,True,True,,,,
BAJAJCON.NS,560.75,543.5625,486.96666717529297,449.5540008544922,351.4420009358724,322.9041004180908,546.680933845733,168.25,581.0,True,True,True,True,True,True,True,True,False,225.61987000657012,noise,26.78685934958916,False,False,Personal Products,Personal Care,99.21052631578947,True,True,,,,
PCCL.NS,289.0,291.0125020345052,278.68055640326605,266.7160006713867,223.9226670328776,212.73575027465822,289.82120716272203,166.3000030517578,310.0,True,True,True,True,True,True,True,False,False,57.92349726775956,dry,6.7294751009421265,False,False,Minerals & Mining,Industrial Minerals,91.57894736842105,True,True,,,,
PGINVIT.NS,91.94000244140625,91.2314453125,90.4552116394043,89.67149307250976,88.09733612060546,87.2499549484253,91.5042630078722,70.4543212913374,92.19999694824219,True,True,True,True,True,True,True,True,False,29.34285522928628,noise,94.24352293893068,False,False,Power,Power - Transmission,82.84210526315789,True,True,,,,
MTARTECH.NS,7889.5,7412.75,6046.247233072917,5340.696010742187,3636.2519970703124,3147.0589965820313,7548.695677907268,1390.5,8449.5,True,True,True,True,True,True,True,True,False,374.41371016235723,noise,83.45461782570389,False,False,Aerospace & Defense,Aerospace & Defense,99.78947368421053,True,True,,,,
COASTCORP.NS,60.900001525878906,59.91333325703939,56.520555602179634,53.09119995117187,47.39053326924642,44.14836150169373,59.82025905765029,29.837394106729462,66.69999694824219,True,True,True,True,True,True,True,True,False,59.22094628160457,noise,68.24193095063261,False,False,Food Products,Seafood,92.21052631578948,True,True,,,,
STYLAMIND.NS,2819.10009765625,2709.9583536783853,2425.330559624566,2361.7239990234375,2216.576678059896,2098.092507324219,2739.658360464282,1593.699951171875,2929.0,True,True,True,True,True,True,True,True,False,53.662931166009706,noise,32.707937045955845,False,False,Consumer Durables,Plywood Boards/ Laminates,90.63157894736842,True,True,,,,
UNIPARTS.NS,610.1500244140625,554.4166666666666,532.6083331637913,511.0950012207031,484.9736649576823,460.6925498962402,568.0739747488419,305.3782881479897,654.0,True,True,True,True,True,True,True,True,False,94.35358275514297,ppv,250.5440542462215,False,False,Auto Components,Auto Components & Equipments,95.3157894736842,True,True,,,,
ANANDRATHI.NS,3566.699951171875,3569.6448364257812,3567.442328559028,3418.9860986328126,3157.0765755208336,3081.8944506835937,3578.5888159294664,1802.9633100976575,3727.6871364861736,True,True,True,True,True,True,True,False,False,95.57680466427263,noise,56.01956611135398,False,False,Capital Markets,Financial Products Distributor,95.47368421052632,True,True,,,,
MWL.NS,381.1000061035156,364.95833587646484,322.18194495307074,305.47699951171876,274.55286610921223,258.4342497253418,368.1486486568236,149.82052979225023,385.1499938964844,True,True,True,True,True,True,True,True,False,138.02653825923957,noise,54.98958936064551,False,False,Metals & Minerals Trading,Trading - Metals,97.42105263157896,True,True,,,,
APEX.NS,446.45001220703125,451.9499994913737,455.69305504692926,430.96399963378906,347.2492667643229,317.7182256317139,453.58860855475064,207.060547463678,514.5,True,True,True,True,True,True,True,False,False,103.5968284914988,noise,29.582213095966942,False,False,Food Products,Seafood,96.10526315789474,True,True,,,,
PAISALO.NS,49.36000061035156,47.8774995803833,46.121388329399956,42.84819957733154,37.94119981129964,37.24607865333557,48.82436535106828,29.30476395281721,51.45000076293945,True,True,True,True,True,True,True,True,False,57.651248326556704,ppv,138.93115731002536,False,False,Finance,Non Banking Financial Company (NBFC),91.52631578947368,True,True,,,,
SJS.NS,2038.9000244140625,1967.7583312988281,1829.9749959309895,1763.8719970703125,1722.1559993489584,1638.0874993896484,1983.9248140321051,1063.3993851721955,2085.0,True,True,True,True,True,True,True,True,False,87.5191797537694,noise,78.40602337916185,False,False,Auto Components,Auto Components & Equipments,94.84210526315789,True,True,,,,
BLISSGVS.NS,396.8500061035156,305.97082773844403,278.2430551317003,260.50639892578124,203.45847178141275,192.12981681823732,324.43255081134623,117.7448072129227,399.6000061035156,True,True,True,True,True,True,True,True,False,215.50057767454095,ppv,370.95219951338197,True,False,Pharmaceuticals & Biotechnology,Pharmaceuticals,99.1578947368421,True,True,,,,
MAHASTEEL.NS,932.4500122070312,841.6458333333334,868.1055586073134,891.9880029296875,808.77966796875,705.6970013427734,860.4123956373196,268.0,1050.0,True,True,True,True,True,True,True,True,False,239.5666392867911,ppv,142.3859448993223,False,False,Industrial Products,Iron & Steel Products,99.26315789473684,True,True,,,,
SHAILY.NS,2661.199951171875,2717.5250244140625,2415.2444661458335,2349.2680151367185,2288.1973421223956,2253.3561865234374,2693.946913483984,1534.610423318069,2836.89990234375,True,True,True,True,True,True,True,False,False,47.41179148276158,dry,16.59420600219669,False,False,Industrial Products,Plastic Products - Industrial,89.0,True,True,,,,
ACCENTMIC.NS,446.1499938964844,440.63333384195965,432.38055843777124,410.1250012207031,351.6760009765625,332.6887846374512,437.13845793051337,214.26999647098503,481.0,True,True,True,True,True,True,True,True,False,96.9561304594426,green,151.71359965073128,False,False,Pharmaceuticals & Biotechnology,Pharmaceuticals,95.63157894736842,True,True,,,,
RISHABH.NS,553.0999755859375,510.32916768391925,485.9763887193468,457.35900024414065,418.31266621907554,412.4082493591309,522.7807569336612,270.20001220703125,566.0,True,True,True,True,True,True,True,True,False,89.19102583842438,green,216.50972281934102,False,True,Electrical Equipment,Other Electrical Equipment,95.0,True,True,,,,
SETCO.NS,27.510000228881836,25.398333231608074,25.1680555873447,23.122399978637695,18.35113332748413,17.79204999923706,26.065967743937755,11.5600004196167,28.5,True,True,True,True,True,True,True,True,False,45.78695816316372,dry,18.388214456758195,False,False,Auto Components,Auto Components & Equipments,88.57894736842105,True,True,,,,
GAYAPROJ.NS,18.579999923706055,17.804999987284344,18.12583335240682,16.91799995422363,13.54619992574056,12.57394992828369,17.887141779943224,6.349999904632568,20.700000762939453,True,True,True,True,True,True,True,True,False,177.7279486515523,ppv,280.48483754708474,False,False,Construction,Civil Construction,98.57894736842105,True,True,,,,
ABSMARINE.NS,285.79998779296875,249.76666641235352,226.7319441901313,208.3170001220703,199.0953330485026,197.18374961853027,262.2520994103288,124.94999694824219,315.5,True,True,True,True,True,True,True,True,False,124.15685317095586,noise,91.54494959884796,False,False,Transport Services,Shipping,96.94736842105263,True,True,,,,
VENUSREM.NS,1219.0999755859375,1028.1416778564453,997.3861151801216,963.6620031738281,777.8170005289713,699.9530003356933,1081.1989248291827,332.6000061035156,1219.0999755859375,True,True,True,True,True,True,True,True,False,248.4138316237297,noise,70.31336871762987,False,False,Pharmaceuticals & Biotechnology,Pharmaceuticals,99.42105263157895,True,True,,,,
KRN.NS,1123.300048828125,1115.2750040690105,1170.9277767605251,1088.7579968261718,882.2149991861979,877.9204995727539,1117.0847316228155,589.7999877929688,1405.0,True,True,True,True,True,True,True,True,False,48.016868189642146,dry,18.57615344707035,False,False,Industrial Products,Other Industrial Products,89.15789473684211,True,True,,,,
AIMTRON.NS,1161.1500244140625,1111.5499877929688,1034.1736060248481,965.6199975585937,875.1106640625,831.2262478637696,1117.4458993230476,537.0,1239.9000244140625,True,True,True,True,True,True,True,True,False,95.562109375,noise,44.13362303096143,False,False,Industrial Manufacturing,Industrial Products,95.42105263157895,True,True,,,,
SENORES.NS,1113.3499755859375,1068.6541646321614,946.3722212049696,892.8199975585937,826.5803344726562,795.4777508544922,1088.3055786218986,500.0,1194.4000244140625,True,True,True,True,True,True,True,True,False,119.37930553417489,noise,56.47806521785493,False,False,Pharmaceuticals & Biotechnology,Pharmaceuticals,96.73684210526315,True,True,,,,
AARVI.NS,135.63999938964844,126.92250061035156,128.20333290100098,127.7527996826172,126.83293314615885,124.97034980773925,129.7239337920657,96.98999786376953,152.0,True,True,True,True,True,True,True,True,False,24.51454255492078,red,178.18855502732052,False,False,Commercial Services & Supplies,Diversified Commercial Services,80.52631578947368,True,True,,,,
LINCOLN.NS,758.1500244140625,702.6125081380209,646.0208333333334,631.6980004882812,558.0056650797526,554.5624531555176,718.0656131068635,440.0,770.0,True,True,True,True,True,True,True,True,False,25.604904742639235,noise,85.22006575984517,False,False,Pharmaceuticals & Biotechnology,Pharmaceuticals,81.05263157894737,True,True,,,,
AZAD.NS,2057.10009765625,2053.4749857584634,2018.2111138237847,1869.2300024414062,1700.2926708984376,1675.444503173828,2061.0505788256846,1360.0,2350.0,True,True,True,True,True,True,True,False,False,14.691131002286717,noise,82.00331496814435,False,True,Electrical Equipment,Heavy Electrical Equipment,74.1578947368421,True,True,,,,
PASHUPATI.NS,96.87000274658203,92.478333791097,91.8136109246148,93.67229995727538,87.31620005289713,82.85408699035645,93.9569898333599,64.95886993408203,118.3499984741211,True,True,True,True,True,True,True,True,True,48.98761439017487,noise,38.791706772440484,False,False,Textiles & Apparels,Other Textile Products,89.36842105263158,True,True,,,,
NGLFINE.NS,2697.60009765625,2461.550008138021,2363.347222222222,2304.4619970703125,1873.747998046875,1759.4024591064453,2583.7821392119463,978.5933435058594,3005.0,True,True,True,True,True,True,True,True,False,114.5392095187058,noise,97.89216428142237,False,False,Pharmaceuticals & Biotechnology,Pharmaceuticals,96.52631578947368,True,True,,,,
MIRCELECTR.NS,42.61000061035156,41.4366668065389,36.125833405388725,33.147399978637694,29.825799954732258,28.936049966812135,40.90678290594509,13.100000381469727,49.22999954223633,True,True,True,True,True,True,True,True,False,188.1000724831171,noise,40.76083221859594,False,False,Consumer Durables,Consumer Electronics,98.78947368421052,True,True,,,,
ROSSTECH.NS,1058.6500244140625,928.3833363850912,934.9125061035156,867.9560034179688,739.8453348795573,727.7508312988281,967.1359623352549,353.90277099609375,1089.0,True,True,True,True,True,True,True,True,False,179.66219492679696,ppv,273.76513104851983,False,False,Aerospace & Defense,Aerospace & Defense,98.63157894736842,True,True,,,,
BHARATWIRE.NS,231.47999572753906,226.30416615804037,217.70416641235352,201.38620056152342,186.83033335367838,183.1851000213623,225.55754058781952,148.00999450683594,262.0,True,True,True,True,True,True,True,True,False,28.14437362138522,noise,63.91202671431192,False,False,Industrial Products,Iron & Steel Products,81.94736842105263,True,True,,,,
IDEAFORGE.NS,845.2999877929688,795.7374979654948,647.1416685316298,579.2090020751953,493.4603328450521,492.38900039672853,800.5041347219628,366.0,888.0,True,True,True,True,True,True,True,True,False,60.444154306520815,noise,28.81324990600721,False,False,Aerospace & Defense,Aerospace & Defense,92.36842105263158,True,True,,,,
PARIN.NS,678.0,660.2958323160807,642.97777472602,639.4369970703125,619.9190014648437,581.6175,664.339899942475,311.6499938964844,725.0,True,True,True,True,True,True,True,True,False,80.55925432756325,green,216.8394330442141,False,True,Consumer Durables,"Furniture, Home Furnishing",94.47368421052632,True,True,,,,
SCPL.NS,404.8999938964844,433.4166615804036,381.11527676052515,361.5239990234375,307.4101334635417,293.478500289917,426.094805850439,190.02999877929688,480.0,True,True,True,True,True,True,True,False,False,24.642138306582105,noise,62.27567665421403,False,False,Food Products,Dairy Products,80.63157894736842,True,True,,,,
CUPID.NS,128.89999389648438,121.80999946594238,114.54888852437337,105.3497999572754,85.78073338826498,74.22116003036498,123.69411963145484,17.68000030517578,133.9199981689453,True,True,True,True,True,True,True,True,False,521.8640964451432,noise,51.091335618358954,False,False,Personal Products,Personal Care,99.89473684210526,True,True,,,,
AEROFLEX.NS,407.3999938964844,384.3125,334.99666637844507,309.39199981689455,229.65146697998046,217.08365028381348,391.6618451522859,158.0,458.70001220703125,True,True,True,True,True,True,True,True,False,144.46895092769014,noise,54.85647743413157,False,False,Industrial Products,Iron & Steel Products,97.78947368421052,True,True,,,,
DURLAX.NS,62.349998474121094,55.57083257039388,51.6263886557685,50.376999893188476,43.99899597167969,43.12449699401856,57.59265426562905,30.549999237060547,64.3499984741211,True,True,True,True,True,True,True,True,False,25.2008020669225,noise,50.18960517510595,False,False,Consumer Durables,"Furniture, Home Furnishing",80.94736842105263,True,True,,,,
AHLWEST.NS,604.25,619.2874959309896,402.3461087544759,330.0451968383789,206.11506154378256,190.62379463195802,616.0831747139478,137.0,751.4000244140625,True,True,True,True,True,True,True,False,False,319.1814260040262,red,297.23682828919203,False,False,Leisure Services,Hotels & Resorts,99.63157894736842,True,True,,,,
PRIZOR.NS,619.25,656.8374938964844,588.4333318074545,532.0489984130859,381.17166615804035,359.83624961853025,651.7035411615392,171.0,739.0,True,True,True,True,True,True,True,False,False,260.65813104625084,red,161.99292131772393,False,False,Industrial Manufacturing,Industrial Products,99.52631578947368,True,True,,,,
SBC.NS,39.88999938964844,36.0591672261556,34.24500036239624,33.36620029449463,29.85233336130778,27.528350009918213,37.17001849325896,14.210000038146973,40.150001525878906,True,True,True,True,True,True,True,True,False,168.43876387119647,ppv,130.82083859088854,False,False,Textiles & Apparels,Garments & Apparels,98.3157894736842,True,True,,,,
STEELCAS.NS,286.8999938964844,286.0,284.9988873799642,268.45659912109375,233.81998524983723,229.1170555114746,287.00666099469464,175.6788221569667,320.0,True,True,True,True,True,True,True,False,False,52.224249024243385,noise,48.37399273795733,False,False,Industrial Products,Castings & Forgings,90.21052631578948,True,True,,,,
AAREYDRUGS.NS,79.7300033569336,85.29833285013835,83.0477778116862,77.25139999389648,76.90386680603028,75.70805019378662,83.57267593902108,47.7599983215332,100.0,True,True,True,True,True,True,True,False,False,49.67148990387062,noise,27.59675778382748,False,False,Pharmaceuticals & Biotechnology,Pharmaceuticals,89.73684210526316,True,True,,,,
DIVGIITTS.NS,791.5499877929688,703.8375091552734,715.9722256130642,703.5830004882813,656.8486653645833,656.0549563598632,727.1255447531856,516.9921093503932,826.9000244140625,True,True,True,True,True,True,True,True,False,47.562521256106315,ppv,162.71292224994338,False,False,Auto Components,Auto Components & Equipments,89.10526315789473,True,True,,,,
KMEW.NS,2050.199951171875,2043.6916605631511,1913.566653781467,1809.5899877929687,1660.3669905598958,1503.9354928588866,2065.2470166530024,732.7000122070312,2285.39990234375,True,True,True,True,True,True,True,False,False,158.17907243469023,noise,99.70253917381679,False,False,Engineering Services,Dredging,98.21052631578947,True,True,,,,
AGIIL.NS,365.0,380.3166681925456,372.31944529215497,352.20300048828125,297.148666788737,282.8470001220703,376.6488824406822,162.5800018310547,434.3999938964844,True,True,True,True,True,True,True,False,False,105.54116242619038,noise,78.02235533619638,False,False,Realty,"Residential, Commercial Projects",96.15789473684211,True,True,,,,
MACPOWER.NS,1055.699951171875,1135.8250020345051,1121.540276421441,1048.2790002441407,963.0693330891927,935.814069519043,1130.9288557686616,761.0,1250.0,True,True,True,True,True,True,True,False,False,16.835823823295335,red,363.79865229965856,False,False,Industrial Manufacturing,Industrial Products,75.63157894736841,True,True,,,,
UCL.NS,155.75,147.44166692097983,122.95000012715657,109.3329998779297,71.30766672770183,64.80350021362305,149.22514793731742,38.0,155.75,True,True,True,True,True,True,True,True,False,199.51923076923075,dry,0.0,False,False,Chemicals & Petrochemicals,Dyes And Pigments,98.89473684210527,True,True,,,,
SOUTHWEST.NS,269.1300048828125,245.66499964396158,238.64166598849826,229.04379913330078,200.8261331685384,184.68644985198975,250.11453293403818,121.0,273.239990234375,True,True,True,True,True,True,True,True,False,78.96661533728437,green,137.63204008071554,False,False,Commercial Services & Supplies,Diversified Commercial Services,94.3157894736842,True,True,,,,
TFCILTD.NS,73.37000274658203,74.13166618347168,73.73555543687608,71.26139976501464,68.88213305155436,68.61564548492431,74.01246992453792,38.759499988961196,84.61000061035156,True,True,True,True,True,True,True,False,False,77.05024180488735,green,125.46255365347103,False,False,Finance,Financial Institution,94.10526315789474,True,True,,,,
KERNEX.NS,1485.5,1400.0833333333333,1318.8430548773872,1213.0409997558593,1193.8536686197917,1172.0882507324218,1422.3995221997507,850.0,1626.0,True,True,True,True,True,True,True,True,False,49.48427672955975,red,347.04840471480196,False,False,Transport Services,Transport Related Services,89.6842105263158,True,True,,,,
SAKAR.NS,788.25,728.7791697184244,642.9152781168619,608.8070007324219,481.75266621907554,447.0277500915527,750.4157230097628,306.0,837.75,True,True,True,True,True,True,True,True,False,151.11500966130737,noise,98.7022168290092,False,False,Pharmaceuticals & Biotechnology,Pharmaceuticals,98.0,True,True,,,,
KRISHNADEF.NS,1141.300048828125,1137.4083455403645,1075.2680528428818,1023.83,927.9983333333333,895.4834350585937,1136.9984834296465,665.0,1313.0,True,True,True,True,True,True,True,True,False,38.22087194256878,noise,92.1670405860441,False,False,Aerospace & Defense,Aerospace & Defense,86.68421052631578,True,True,,,,
KESORAMIND.NS,13.15999984741211,12.696666638056437,11.318333387374878,10.459000024795532,8.991199992497762,8.092049989700318,12.643059532724132,4.550000190734863,14.260000228881836,True,True,True,True,True,True,True,True,False,150.19010028084438,noise,30.057042775339582,False,False,Cement & Cement Products,Cement & Cement Products,97.94736842105263,True,True,,,,
ATALREAL.NS,29.920000076293945,28.93583329518636,26.981110996670193,25.728399925231933,25.292266629536947,23.998999977111815,29.132384749742663,14.65999984741211,31.850000381469727,True,True,True,True,True,True,True,True,False,97.62218888911495,noise,80.78255914217677,False,False,Realty,"Residential, Commercial Projects",95.6842105263158,True,True,,,,
AUSOMENT.NS,139.3000030517578,134.97749964396158,130.1469440460205,121.489599609375,114.3449331665039,111.75155673980713,135.2480255909295,93.0,178.0,True,True,True,True,True,True,True,True,False,33.392096489443276,dry,13.31691614156559,False,False,Consumer Durables,"Gems, Jewellery And Watches",84.3157894736842,True,True,,,,
SHAH.NS,5.300000190734863,5.302512009938558,5.288059565756056,5.123202886581421,4.795534318288167,4.504600739479065,5.259253904143074,3.009999990463257,5.880000114440918,True,True,True,True,True,True,True,True,False,67.7215204676686,green,161.37417321628237,False,True,Industrial Products,Iron & Steel Products,93.15789473684211,True,True,,,,
HARDWYN.NS,25.56999969482422,24.68166669209798,24.26638889312744,22.82620002746582,18.660466690063476,17.354150004386902,25.198335979417017,10.869999885559082,27.790000915527344,True,True,True,True,True,True,True,True,False,94.15337544948328,red,114.29907740682137,False,False,Consumer Durables,"Furniture, Home Furnishing",95.26315789473684,True,True,,,,
MAHICKRA.NS,230.10000610351562,236.4666659037272,230.54583273993597,223.70799926757812,182.22599975585936,174.0802495574951,235.0129126376169,112.0,252.0,True,True,True,True,True,True,True,False,False,66.73913485762002,dry,14.409221902017292,False,False,Chemicals & Petrochemicals,Dyes And Pigments,93.0,True,True,,,,
SHEETAL.NS,293.0,285.33333587646484,263.84722264607746,254.76700073242188,203.6896669514974,185.4809336090088,286.77106720399445,109.57594492121324,335.0,True,True,True,True,True,True,True,True,False,155.54640241018433,red,118.02575107296138,False,False,Agricultural Food & other Products,Other Agricultural Products,98.15789473684211,True,True,,,,
SILKFLEX.NS,184.14999389648438,207.97916793823242,181.8666672176785,164.0740003967285,119.27233342488607,111.29399993896484,201.75142012953523,76.0,229.6999969482422,True,True,True,True,True,True,True,False,False,81.42856541525553,noise,48.62236628849271,False,False,Chemicals & Petrochemicals,Specialty Chemicals,94.6842105263158,True,True,,,,
VHLTD.NS,140.74000549316406,137.14333724975586,138.39916865030924,138.91180114746095,136.12833384195963,131.0580004119873,138.39440902187772,93.05000305175781,155.36000061035156,True,True,True,True,True,True,True,True,False,21.568635720948805,ppv,60.89712095902525,False,False,Leisure Services,Hotels & Resorts,78.36842105263158,True,True,,,,
MAGSON.NS,175.75,179.5625,178.8361112806532,168.21700012207032,138.1943330891927,132.40949966430665,180.1553686526876,100.5,199.5,True,True,True,True,True,True,True,False,False,51.77028960996402,noise,20.833333333333336,False,False,Food Products,Packaged Foods,90.10526315789474,True,True,,,,
HOACFOODS.NS,564.4000244140625,501.8291727701823,454.0902803209093,427.0110021972656,360.7453342692057,326.0190005493164,515.2666205793188,149.64999389648438,579.0,True,True,True,True,True,True,True,True,False,242.06062085700756,ppv,307.4670571010249,True,False,Food Products,Other Food Products,99.31578947368422,True,True,,,,
KANDARP.NS,157.0,149.09999974568686,145.58749940660266,143.50199951171874,137.20433258056642,129.23599937438965,148.94884421741455,70.30000305175781,169.0,True,True,True,True,True,True,True,True,False,80.56354860306176,green,226.22699386503066,False,False,Commercial Services & Supplies,Business Process Outsourcing (BPO)/ Knowledge Process Outsourcing (KPO),94.52631578947368,True,True,,,,
CONSOFINVT.NS,231.8800048828125,228.9916674296061,224.13111199273004,222.02780059814452,197.69746693929036,195.816900100708,230.35065101317826,152.0,245.9499969482422,True,True,True,True,True,True,True,True,False,21.987461607212676,noise,34.29777567878449,False,False,Finance,Non Banking Financial Company (NBFC),78.89473684210526,True,True,,,,
NEUEON.NS,24.270000457763672,25.561667283376057,21.258333683013916,19.52920021057129,11.482400000890095,9.916799948215484,24.847993883886122,5.21999979019165,27.399999618530273,True,True,True,True,True,True,True,False,False,364.9425561925666,dry,0.0,False,False,Electrical Equipment,Heavy Electrical Equipment,99.73684210526315,True,True,,,,
SWANDEF.NS,1962.0999755859375,1913.9416809082031,1868.3472222222222,1905.5580078125,1573.0966650390626,1303.109499053955,1917.7706386225896,154.74000549316406,2489.0,True,True,True,True,True,True,True,True,False,1167.9978712244629,ppv,64.20245007311529,False,False,Industrial Manufacturing,Ship Building & Allied Services,100.0,True,True,,,,
NORBTEAEXP.NS,81.6500015258789,82.00916735331218,76.23944473266602,79.8904002380371,78.62013338724772,70.07320001602173,81.35635082984557,30.5,99.3499984741211,True,True,True,True,True,True,True,True,False,119.48924691212058,noise,46.08082371146292,False,True,Agricultural Food & other Products,Tea & Coffee,96.78947368421052,True,True,,,,
SALSTEEL.NS,56.83000183105469,58.63333320617676,55.16472191280789,50.46519981384277,44.14053334554036,38.970550022125245,57.547652947286764,14.369999885559082,63.4900016784668,True,True,True,True,True,True,True,False,False,211.91001082750148,noise,59.72199626485818,False,False,Ferrous Metals,Sponge Iron,99.10526315789474,True,True,,,,
