rank,symbol,date,close,MA12,MA36,MA50,MA150,MA200,EMA10,52w_low,52w_high,cond1_price_above_150_200,cond2_ma150_above_ma200,cond3_ma200_trending_up_1m,cond4_ma50_above_150_200,cond5_price_above_ma50,cond6_30pct_above_52w_low,cond7_within_25pct_52w_high,cond9_price_above_ema10,fresh_ma12_cross_today,12m_return_pct,volume_signal,relative_volume,bull_snort,inside_bar,is_52w_high,is_52w_low,data_source,industry_group,industry,rs_percentile,cond8_rs_at_least_70,all_conditions_met,total_market_cap_cr,traded_value_cr,traded_volume,traded_val_pct_mc,rs_score,vcp_score,volume_score,newhigh_score,entry_score,group_score,entry_status,market_state,market_multiplier,minervini_score,grade
1,RISHABH.NS,2026-07-09,652.5999755859375,611.3124949137369,564.1611116197374,545.2640002441407,453.45333272298177,440.3617497253418,624.8988004910634,272.29998779296875,692.7999877929688,True,True,True,True,True,True,True,True,False,128.58142752572243,ppv,149.44356005657667,False,True,True,False,,Electrical Equipment,Other Electrical Equipment,97.6453628063431,True,True,2523.08,16.44,251969.0,0.6517,74.5,50.0,88.8,88.4,100.0,79.54545454545455,actionable,unknown,1.0,78.4,A
2,BAJAJCON.NS,2026-07-09,643.5499877929688,606.933339436849,586.4000023735894,566.7150012207031,416.7713348388672,378.83165100097654,615.5220186734567,220.10000610351562,648.7000122070312,True,True,True,True,True,True,True,True,False,176.0358537693051,ppv,106.81852167877346,False,False,True,False,,Personal Products,Personal Care,98.89476213358962,True,True,8405.94,85.11,1322580.0,1.0126,67.4,40.0,96.2,98.4,88.4,93.18181818181817,actionable,unknown,1.0,77.8,A
3,ATHERENERG.NS,2026-07-09,1218.4000244140625,1108.3083394368489,1022.7388899061415,995.9619995117188,815.5456656901042,775.2994992065429,1134.6016971919396,318.6000061035156,1242.9000244140625,True,True,True,True,True,True,True,True,False,269.43604290819763,green,126.02117161239859,False,False,True,False,,Automobiles,2/3 Wheelers,99.37530033637674,True,True,46702.49,608.81,4996781.0,1.3036,78.5,50.0,90.2,96.1,100.0,50.0,actionable,unknown,1.0,76.0,A
4,BLISSGVS.NS,2026-07-09,524.1500244140625,508.290771484375,449.530510796441,401.1704260253906,267.2742344156901,239.15308280944825,507.68564719355567,117.5147500933485,551.9194964802983,True,True,True,True,True,True,True,True,False,223.98455770920492,noise,21.684590593394077,False,True,False,False,,Pharmaceuticals & Biotechnology,Pharmaceuticals,99.18308505526188,True,True,5568.78,108.42,2068406.0,1.9468,68.1,50.0,90.2,83.9,97.7,61.36363636363637,actionable,unknown,1.0,73.8,A
5,ASTRAMICRO.NS,2026-07-09,1833.0999755859375,1772.1833190917969,1542.7972140842014,1423.7299853515624,1116.8249959309896,1098.8104968261719,1779.757114649873,851.0,1871.0,True,True,True,True,True,True,True,True,False,76.67992797619412,noise,32.03555971147933,False,True,False,False,,Aerospace & Defense,Aerospace & Defense,94.8582412301778,True,True,17404.37,177.98,970898.0,1.0226,68.0,50.0,90.2,89.9,100.0,54.54545454545454,actionable,unknown,1.0,73.8,A
6,RML.NS,2026-07-09,1277.300048828125,1169.6958516438801,1021.8166724310981,983.4420043945313,841.3920011393229,835.7397512817383,1198.3191982666558,608.5,1323.9000244140625,True,True,True,True,True,True,True,True,False,44.6698020697587,ppv,65.21478571518017,False,False,True,False,,Auto Components,Auto Components & Equipments,89.38010571840461,True,True,3530.09,11.46,89719.0,0.3246,55.2,50.0,88.8,93.0,100.0,70.45454545454545,actionable,unknown,1.0,73.8,A
7,UFBL.NS,2026-07-09,727.0,688.1999969482422,592.2347225613064,527.8520001220703,327.50553334554036,298.51814994812014,689.5361406084362,172.33999633789062,735.0,True,True,True,True,True,True,True,True,False,130.50095563369112,dry,11.304891911354146,False,False,False,False,,Leisure Services,Restaurants,97.74147044690052,True,True,2841.58,29.47,405329.0,1.037,74.7,50.0,53.8,91.8,92.4,89.77272727272727,actionable,unknown,1.0,73.0,A
8,PAISALO.NS,2026-07-09,72.4000015258789,66.36166636149089,59.08666631910536,55.95319961547852,42.89059981028239,41.508199796676635,68.2974482501879,29.783536082586807,74.9000015258789,True,True,True,True,True,True,True,True,False,138.6123609889591,ppv,134.44930055961314,False,False,True,False,,Finance,Non Banking Financial Company (NBFC),98.0297933685728,True,True,6584.94,106.16,14663040.0,1.6122,75.4,50.0,88.8,93.3,89.9,47.72727272727273,actionable,unknown,1.0,72.9,A
9,HONASA.NS,2026-07-09,471.6000061035156,452.2000045776367,421.87083519829645,401.6730017089844,329.6716676839193,318.8110008239746,457.73677201739974,248.39999389648438,478.79998779296875,True,True,True,True,True,True,True,True,False,59.32432638632286,noise,47.65946651425192,False,False,True,False,,Personal Products,Personal Care,92.69581931763575,True,True,15375.3,129.46,2745152.0,0.842,63.0,50.0,52.7,97.0,100.0,93.18181818181817,actionable,unknown,1.0,72.7,A
10,NINSYS.NS,2026-07-09,914.1500244140625,844.9124959309896,749.5527750651041,697.1909985351563,481.55866658528646,468.9854997253418,862.2404944780164,281.04998779296875,935.0,True,True,True,True,True,True,True,True,False,102.94150286178927,noise,43.01558424478881,False,True,True,False,,IT - Software,Computers - Software & Consulting,96.58817876021143,True,True,1698.13,0.71,7719.0,0.0416,72.0,50.0,58.8,95.5,100.0,72.72727272727273,actionable,unknown,1.0,72.4,A
11,INDSWFTLAB.NS,2026-07-09,235.5800018310547,210.28999964396158,175.19999991522894,164.6379995727539,135.77786631266275,127.13874980926514,213.8467613768009,87.1500015258789,238.0,True,True,True,True,True,True,True,True,False,106.57663972271929,ppv,107.4930553016432,False,True,True,False,,Pharmaceuticals & Biotechnology,Pharmaceuticals,96.92455550216242,True,True,2045.7,34.83,1478431.0,1.7025,72.8,50.0,91.2,98.0,69.0,61.36363636363637,actionable,unknown,1.0,72.3,A
12,DIACABS.NS,2026-07-09,239.1999969482422,213.9191640218099,204.2230542500814,196.95399963378907,156.63166646321613,154.6431997680664,219.26560049564353,115.56999969482422,251.8000030517578,True,True,True,True,True,True,True,True,False,64.68158137572613,ppv,180.0091330908289,False,False,True,False,,Electrical Equipment,Other Electrical Equipment,93.60884190293129,True,True,12605.15,139.46,5830069.0,1.1063,55.1,50.0,88.8,90.0,82.5,79.54545454545455,actionable,unknown,1.0,72.1,A
13,GRANULES.NS,2026-07-09,882.0499877929688,819.7958323160807,787.0736083984375,772.4609985351562,656.3853328450521,630.4652502441406,837.4184971405964,432.6000061035156,897.4500122070312,True,True,True,True,True,True,True,True,False,79.6075022122354,green,123.95043210603856,False,False,True,False,,Pharmaceuticals & Biotechnology,Pharmaceuticals,95.19461797212878,True,True,21856.93,120.53,1366501.0,0.5515,68.8,50.0,68.8,96.6,98.2,61.36363636363637,actionable,unknown,1.0,71.7,A
14,CUPID.NS,2026-07-09,210.00999450683594,195.7083307902018,162.2652761671278,151.6135989379883,108.8679997253418,94.74493978500367,199.0699572777304,21.290000915527344,226.0,True,True,True,True,True,True,True,True,False,871.1893690895922,ppv,432.7737875484683,True,True,False,False,,Personal Products,Personal Care,100.0,True,True,28239.22,452.55,21549202.0,1.6026,70.0,50.0,91.2,79.8,50.0,93.18181818181817,watch — approaching pivot,unknown,1.0,71.5,A
15,DIVGIITTS.NS,2026-07-09,979.7000122070312,942.2374928792318,847.8138885498047,806.3200024414062,706.7049987792968,689.2682482910157,952.6942278657717,573.7000122070312,1065.0,True,True,True,True,True,True,True,True,False,55.92627790313931,noise,21.33691333654432,False,False,False,False,,Auto Components,Auto Components & Equipments,92.31138875540606,True,True,2996.21,20.05,204661.0,0.6692,52.1,50.0,87.8,78.0,100.0,70.45454545454545,actionable,unknown,1.0,71.2,A
16,SENORES.NS,2026-07-09,1419.699951171875,1337.3416646321614,1217.6763848198784,1149.280997314453,919.7153328450521,878.5147503662109,1356.9666891628842,558.5499877929688,1487.9000244140625,True,True,True,True,True,True,True,True,False,147.3991481348885,green,102.22208627208754,False,False,True,False,,Pharmaceuticals & Biotechnology,Pharmaceuticals,98.36617011052378,True,True,6538.23,64.17,451993.0,0.9815,76.2,50.0,56.2,90.8,100.0,61.36363636363637,actionable,unknown,1.0,70.5,A
17,SYRMA.NS,2026-07-09,1441.0,1401.7083333333333,1266.3139004177517,1201.9910070800781,929.7696691894531,902.8092520141602,1388.0226939204215,599.7897960044586,1517.699951171875,True,True,True,True,True,True,True,True,False,133.07511723184757,ppv,224.82630024378545,False,False,True,False,,Industrial Manufacturing,Industrial Products,97.93368572801538,True,True,27757.26,219.1,1520444.0,0.7893,75.2,50.0,91.2,89.9,56.6,63.63636363636363,actionable,unknown,1.0,70.3,A
18,MMFL.NS,2026-07-09,510.1000061035156,477.82083384195965,461.05457390679254,461.9139025878906,433.4046305338542,402.1472523498535,487.1886814385009,285.5132388663281,522.2187031655338,True,True,True,True,True,True,True,True,False,42.42381328875964,green,203.37552263266505,False,False,True,False,,Auto Components,Auto Components & Equipments,88.41902931283036,True,True,2462.84,5.83,114282.0,0.2367,53.0,50.0,64.2,95.4,100.0,70.45454545454545,actionable,unknown,1.0,69.2,B
19,AETHER.NS,2026-07-09,1485.800048828125,1363.1583251953125,1209.6888834635417,1197.447998046875,1067.726005045573,997.0597543334961,1367.373176038311,726.4500122070312,1510.0,True,True,True,True,True,True,True,True,False,87.24638296510712,ppv,384.1558534456924,True,False,True,False,,Chemicals & Petrochemicals,Specialty Chemicals,95.72320999519461,True,True,19718.44,56.77,382053.0,0.2879,70.0,50.0,91.2,96.8,61.0,52.27272727272727,actionable,unknown,1.0,69.0,B
20,SPARC.NS,2026-07-09,277.57000732421875,244.53583399454752,227.49833467271594,209.45340026855467,158.53280029296874,152.43075012207032,253.9433380475756,108.0,289.0,True,True,True,True,True,True,True,True,False,76.60495677161805,noise,41.867930677786255,False,True,True,False,,Pharmaceuticals & Biotechnology,Pharmaceuticals,94.81018740989909,True,True,9007.75,172.65,6220153.0,1.9167,67.9,50.0,64.2,92.1,89.9,61.36363636363637,actionable,unknown,1.0,68.9,B
21,NAM-INDIA.NS,2026-07-09,1218.199951171875,1180.5249938964844,1124.8430820041233,1106.8735278320312,958.886347249349,934.6879132080078,1187.3826095213165,756.0127830012134,1233.5,True,True,True,True,True,True,True,True,False,59.676924242498174,noise,77.11140378495907,False,False,True,False,,Capital Markets,Asset Management Company,92.79192695819317,True,True,77879.02,136.75,1122517.0,0.1756,63.2,50.0,74.8,97.5,98.2,40.909090909090914,actionable,unknown,1.0,68.7,B
22,UNIPARTS.NS,2026-07-09,680.4500122070312,658.7208302815756,638.5430603027344,611.6960034179688,518.7373278808594,503.41603347778323,658.8042675427201,310.005232163007,705.7999877929688,True,True,True,True,True,True,True,True,False,76.84288653265664,ppv,99.8744416415029,False,False,False,False,,Auto Components,Auto Components & Equipments,94.9062950504565,True,True,3068.91,13.76,202195.0,0.4483,58.1,50.0,86.2,86.8,68.6,70.45454545454545,actionable,unknown,1.0,68.4,B
23,INDOTECH.NS,2026-07-09,3147.0,3090.7749837239585,2765.1111043294272,2726.1199951171875,1921.7246638997397,1873.4464965820312,3074.8186387621063,1100.0,3300.0,True,True,True,True,True,True,True,True,False,63.0907980833898,noise,26.694434247549705,False,False,False,False,,Electrical Equipment,Heavy Electrical Equipment,93.2724651609803,True,True,3342.11,23.16,73607.0,0.6931,64.3,50.0,45.7,84.7,100.0,79.54545454545455,actionable,unknown,1.0,68.2,B
24,HFCL.NS,2026-07-09,214.67999267578125,214.17666498819986,191.93111038208008,177.51179977416993,107.496466700236,99.31165018081666,214.01368410405985,59.81999969482422,229.5,True,True,True,True,True,True,True,True,False,157.93378786674634,noise,41.974139378545914,False,False,False,False,,Telecom - Services,Telecom - Infrastructure,98.51033157135993,True,True,32851.7,1172.26,54605052.0,3.5683,66.5,50.0,85.2,81.1,50.0,81.81818181818183,watch — approaching pivot,unknown,1.0,68.1,B
25,AVALON.NS,2026-07-09,1728.5999755859375,1746.2916768391926,1648.6444498697917,1543.317001953125,1147.072002766927,1130.0822525024414,1722.0268305481409,777.2999877929688,1853.0,True,True,True,True,True,True,True,True,False,105.88375724756153,ppv,145.39665168480792,False,False,False,False,,Electrical Equipment,Other Electrical Equipment,96.87650168188371,True,True,11549.08,88.95,514565.0,0.7702,62.7,50.0,84.7,80.6,57.4,79.54545454545455,actionable,unknown,1.0,68.0,B
26,CENTUM.NS,2026-07-09,3557.89990234375,3626.9249877929688,3502.777777777778,3344.8279931640627,2793.1860009765624,2731.8024975585936,3599.454983120285,2044.199951171875,3916.0,True,True,True,True,True,True,True,False,False,51.56107357283184,noise,55.537876709186484,False,False,False,False,,Industrial Manufacturing,Industrial Products,91.01393560788082,True,True,5244.69,25.18,70771.0,0.4801,49.0,50.0,80.0,75.7,100.0,63.63636363636363,actionable,unknown,1.0,67.8,B
27,INDOBORAX.NS,2026-07-09,433.6499938964844,394.4375,366.95555623372394,341.2742010498047,281.6745334879557,272.8105001831055,401.5027257847061,212.6091233313068,464.45001220703125,True,True,True,True,True,True,True,True,False,97.73286537429672,ppv,409.0412305290529,False,False,True,False,,Chemicals & Petrochemicals,Commodity Chemicals,96.29985583853916,True,True,1391.58,9.35,215503.0,0.6716,71.4,50.0,81.1,86.7,70.2,52.27272727272727,actionable,unknown,1.0,67.7,B
28,JBCHEPHARM.NS,2026-07-09,2444.5,2332.9999796549478,2237.6420220269097,2205.226896972656,2021.1419930013021,1941.533549194336,2364.0356640896925,1580.030091023051,2474.0,True,True,True,True,True,True,True,True,False,51.926674049556595,noise,70.14346180463257,False,False,True,False,,Pharmaceuticals & Biotechnology,Pharmaceuticals,91.15809706871696,True,True,39248.58,75.2,307620.0,0.1916,59.4,50.0,53.8,97.6,100.0,61.36363636363637,actionable,unknown,1.0,67.5,B
29,ACUTAAS.NS,2026-07-09,3458.800048828125,3478.0166829427085,3235.0833401150176,3098.8060107421875,2378.0586669921877,2190.417501831055,3465.026166567397,1094.285884115421,3740.0,True,True,True,True,True,True,True,False,False,206.48152765214053,green,108.38878711810096,False,False,False,False,,Pharmaceuticals & Biotechnology,Pharmaceuticals,99.08697741470446,True,True,28317.58,160.09,462855.0,0.5653,67.9,50.0,53.8,79.0,100.0,61.36363636363637,actionable,unknown,1.0,66.9,B
30,GNA.NS,2026-07-09,469.8999938964844,451.4000015258789,402.17889489067926,399.57929077148435,385.0250594075521,366.5185139465332,454.68965199220304,289.7233688082436,482.0,True,True,True,True,True,True,True,True,False,47.596470724915086,noise,29.830978898481014,False,False,False,False,,Auto Components,Auto Components & Equipments,90.38923594425758,True,True,2017.32,13.18,280437.0,0.6532,57.6,50.0,46.6,89.0,100.0,70.45454545454545,actionable,unknown,1.0,66.2,B
31,DEEDEV.NS,2026-07-09,677.5,673.1708323160807,650.9166709052192,599.4790032958985,372.82180084228514,342.9868507385254,675.7308091867687,183.0,760.0,True,True,True,True,True,True,True,True,False,116.41911081883039,noise,38.73599260859545,False,False,False,False,,Industrial Manufacturing,Industrial Products,97.2609322441134,True,True,4692.59,37.4,552018.0,0.797,63.6,50.0,56.2,72.3,100.0,63.63636363636363,actionable,unknown,1.0,66.1,B
32,STYLAMIND.NS,2026-07-09,3154.10009765625,3227.6666666666665,3103.3861083984375,2939.827998046875,2451.3166748046874,2323.2550073242187,3183.024783961205,1594.0999755859375,3357.300048828125,True,True,True,True,True,True,True,False,False,95.60310683139535,noise,33.59189586265706,False,False,False,False,,Consumer Durables,Plywood Boards/ Laminates,96.20374819798174,True,True,5348.96,15.74,49918.0,0.2943,61.1,50.0,38.8,81.9,96.4,84.0909090909091,actionable,unknown,1.0,66.1,B
33,SJS.NS,2026-07-09,2197.800048828125,2193.7166341145835,2117.3424106174043,2065.7691015625,1819.8776831054688,1762.898141479492,2197.931665414483,1129.4649379983273,2288.89990234375,True,True,True,True,True,True,True,False,False,72.71314334391104,red,165.7461907711656,False,False,False,False,,Auto Components,Auto Components & Equipments,94.4738106679481,True,True,7034.09,25.22,114764.0,0.3586,57.1,50.0,90.2,86.0,50.0,70.45454545454545,watch — approaching pivot,unknown,1.0,66.0,B
34,LAURUSLABS.NS,2026-07-09,1507.4000244140625,1493.2250061035156,1426.1638963487412,1377.3533203125,1153.3292740885418,1099.2546578979493,1491.1700121189656,759.8159434822886,1555.0,True,True,True,True,True,True,True,True,False,94.54373847376864,noise,87.37625472842969,False,False,False,False,,Pharmaceuticals & Biotechnology,Pharmaceuticals,96.15569437770303,True,True,81437.22,325.92,2162101.0,0.4002,61.0,50.0,49.6,87.9,99.6,61.36363636363637,actionable,unknown,1.0,65.8,B
35,CRAFTSMAN.NS,2026-07-09,9282.5,9258.0,9118.736111111111,8908.47,7910.496666666667,7619.0125,9234.00542588968,5724.675063299175,9938.0,True,True,True,True,True,True,True,True,False,61.48659106156848,noise,35.12639679328405,False,True,False,False,,Auto Components,Auto Components & Equipments,93.12830370014417,True,True,24277.85,118.52,127680.0,0.4882,54.0,50.0,53.8,80.8,100.0,70.45454545454545,actionable,unknown,1.0,65.7,B
36,SKYGOLD.NS,2026-07-09,623.2999877929688,545.2624944051107,522.6111102634006,507.38899963378907,401.3769989013672,383.7272491455078,563.8515765355683,246.0500030517578,629.7000122070312,True,True,True,True,True,True,True,True,False,90.81585778032893,green,201.2753816770422,False,False,True,False,,Consumer Durables,"Gems, Jewellery And Watches",95.96347909658817,True,True,9653.29,89.36,1433698.0,0.9257,70.6,50.0,56.2,98.0,44.3,84.0909090909091,actionable,unknown,1.0,65.3,B
37,SCHNEIDER.NS,2026-07-09,1485.199951171875,1429.683329264323,1307.6805589463975,1302.6980029296874,984.9243339029948,943.0560012817383,1447.0369803448398,571.8499755859375,1548.0,True,True,True,True,True,True,True,True,False,81.54259815350183,noise,55.47117347432835,False,True,False,False,,Electrical Equipment,Heavy Electrical Equipment,95.43488707352235,True,True,35511.73,62.26,419215.0,0.1753,59.3,50.0,73.8,85.9,50.0,79.54545454545455,watch — approaching pivot,unknown,1.0,64.9,B
38,SWANDEF.NS,2026-07-09,2161.5,2242.1333618164062,2083.188900417752,2026.8200122070311,1823.4819995117186,1564.6045010375976,2229.997761564088,251.97999572753906,2489.0,True,True,True,True,True,True,True,False,False,757.8061896378421,noise,89.42363017025397,False,False,False,False,,Industrial Manufacturing,Ship Building & Allied Services,99.95194617972129,True,True,11387.25,3.9,18025.0,0.0342,69.9,50.0,85.2,67.7,50.0,63.63636363636363,watch — approaching pivot,unknown,1.0,64.5,B
39,RUBYMILLS.NS,2026-07-09,365.54998779296875,336.63333384195965,313.74916712443036,291.2423999023438,237.68526631673177,234.76644981384277,342.0923924761245,169.02000427246094,365.54998779296875,True,True,True,True,True,True,True,True,False,50.03038598467124,ppv,53.70788950219936,False,False,True,False,,Textiles & Apparels,Other Textile Products,90.8697741470447,True,True,1222.4,2.63,71999.0,0.2153,58.7,50.0,88.0,100.0,62.5,36.36363636363637,actionable,unknown,1.0,64.4,B
40,SKMEGGPROD.NS,2026-07-09,316.1499938964844,300.39083099365234,250.4052759806315,230.01159942626953,196.9895659383138,194.6535494995117,301.17249873785295,130.93602181563585,324.3999938964844,True,True,True,True,True,True,True,True,False,139.54110397303162,noise,67.59486451466105,False,False,False,False,,Food Products,Meat Products including Poultry,98.12590100913022,True,True,1666.91,30.71,971485.0,1.8425,75.6,50.0,37.2,88.9,100.0,43.18181818181818,actionable,unknown,1.0,64.0,B
41,VIYASH.NS,2026-07-09,281.04998779296875,279.2999979654948,261.85916476779516,250.4685986328125,219.95879943847658,218.4662493133545,278.6933685497853,166.0,298.0,True,True,True,True,True,True,True,True,False,52.6781752484506,noise,51.28431719418809,False,True,False,False,,Pharmaceuticals & Biotechnology,Pharmaceuticals,91.39836617011052,True,True,12266.8,65.14,2317739.0,0.531,49.9,50.0,53.8,82.6,100.0,61.36363636363637,actionable,unknown,1.0,63.8,B
42,NEOGEN.NS,2026-07-09,2026.699951171875,1958.0250142415364,1913.3694458007812,1850.197998046875,1471.8426639811198,1453.589998474121,1973.480029156759,966.7000122070312,2090.0,True,True,True,True,True,True,True,True,False,25.922991014291053,noise,79.02702763077089,False,False,False,False,,Chemicals & Petrochemicals,Specialty Chemicals,81.8356559346468,True,True,5549.44,23.9,117902.0,0.4306,37.6,50.0,87.8,87.9,79.5,52.27272727272727,actionable,unknown,1.0,63.6,B
43,SPORTKING.NS,2026-07-09,183.3699951171875,179.07833099365234,177.94499969482422,169.94159942626953,127.8579330444336,120.94004970550537,179.78994014266317,78.16999816894531,198.5,True,True,True,True,True,True,True,True,False,63.762878744725924,noise,67.51574616517439,False,False,False,False,,Textiles & Apparels,Other Textile Products,93.41662662181643,True,True,2333.76,9.29,506511.0,0.398,54.6,50.0,71.2,78.8,100.0,36.36363636363637,actionable,unknown,1.0,63.6,B
44,AZAD.NS,2026-07-09,2476.10009765625,2132.116689046224,2111.416676839193,2115.7900073242185,1795.9346720377605,1759.6825030517577,2210.6934094802364,1360.0,2491.5,True,True,True,True,True,True,True,True,True,51.98257868073248,ppv,484.84837173922523,True,False,True,False,,Electrical Equipment,Heavy Electrical Equipment,91.20615088899568,True,True,15991.09,131.4,530690.0,0.8217,59.5,50.0,86.2,98.8,14.7,79.54545454545455,actionable,unknown,1.0,63.4,B
45,STLTECH.NS,2026-07-09,554.3499755859375,583.5333302815756,575.9652752346462,520.1449969482422,276.2491321309408,236.1985989379883,572.4314607273234,84.5999984741211,679.9000244140625,True,True,True,True,True,True,True,False,False,397.08571760471216,green,124.9849248865105,False,False,False,False,,Telecom -  Equipment & Accessories,Telecom -  Equipment & Accessories,99.85583853916387,True,True,28487.83,251.79,4541995.0,0.8838,69.7,50.0,55.7,57.1,50.0,100.0,watch — approaching pivot,unknown,1.0,63.3,B
46,THYROCARE.NS,2026-07-09,535.5499877929688,537.8791707356771,522.8043687608507,503.49019226074216,439.32298767089844,438.89364517211914,536.8935546164499,324.5351344195688,574.9000244140625,True,True,True,True,True,True,True,False,False,55.10032260234146,noise,30.375324618420084,False,False,False,False,,Healthcare Services,Healthcare Service Provider,91.97501201345507,True,True,8523.9,27.89,520815.0,0.3272,51.3,50.0,71.2,80.3,100.0,34.090909090909086,actionable,unknown,1.0,62.8,B
47,BHAGYANGR.NS,2026-07-09,373.95001220703125,391.94166564941406,344.165278116862,332.22600036621094,220.51540003458658,195.233150100708,384.5115416978066,78.0,432.29998779296875,True,True,True,True,True,True,True,False,False,367.437515258789,noise,39.05542625209898,False,False,False,False,,Non - Ferrous Metals,Copper,99.80778471888515,True,True,1196.45,11.57,309524.0,0.9674,69.6,50.0,47.6,67.0,50.0,97.72727272727273,watch — approaching pivot,unknown,1.0,62.7,B
48,KAPSTON.NS,2026-07-09,377.20001220703125,369.5791727701823,350.4486134847005,346.2610009765625,332.95222127278646,320.02661643981935,367.74582074637965,231.5800018310547,433.5,True,True,True,True,True,True,True,True,False,52.82392067655497,ppv,292.6566242702809,False,False,False,False,,Commercial Services & Supplies,Diversified Commercial Services,91.49447381066796,True,True,1147.9,0.78,20729.0,0.0681,50.2,50.0,88.8,68.0,84.8,38.63636363636363,actionable,unknown,1.0,62.7,B
49,SAILIFE.NS,2026-07-09,1234.4000244140625,1229.4000244140625,1193.9722290039062,1167.567001953125,1013.2036649576822,980.467248840332,1226.254253347424,776.25,1260.0,True,True,True,True,True,True,True,True,False,55.53455382621551,noise,35.46548677342508,False,False,False,False,,Pharmaceuticals & Biotechnology,Pharmaceuticals,92.1191734742912,True,True,26204.59,76.07,616212.0,0.2903,51.6,50.0,41.8,89.9,98.3,61.36363636363637,actionable,unknown,1.0,62.6,B
50,SIGMAADV.NS,2026-07-09,558.0499877929688,569.8583221435547,486.80555046929254,437.3337969970703,267.3345330810547,245.04939987182618,551.0849524687392,95.52999877929688,638.0999755859375,True,True,True,True,True,True,True,True,False,441.0082205892762,noise,48.91268082921073,False,True,False,False,,Aerospace & Defense,Aerospace & Defense,99.90389235944258,True,True,9835.06,24.79,444301.0,0.2521,69.8,50.0,50.2,68.9,86.4,54.54545454545454,actionable,unknown,1.0,62.4,B
51,RADICO.NS,2026-07-09,4089.0,3952.4083658854165,3685.600002712674,3620.8079931640623,3166.0126595052084,3156.144997558594,3984.4258333009325,2500.0,4161.7998046875,True,True,True,True,True,True,True,True,False,55.64751276885218,noise,72.1771077707604,False,False,False,False,,Beverages,Breweries & Distilleries,92.21528111484864,True,True,54785.4,172.38,421582.0,0.3147,51.8,50.0,75.2,90.5,50.0,65.9090909090909,watch — approaching pivot,unknown,1.0,62.1,B
52,ACMESOLAR.NS,2026-07-09,367.79998779296875,373.7249984741211,343.14305538601343,327.67599914550783,270.40678314208986,269.80712898254393,370.9343951626157,195.72747422084996,398.1499938964844,True,True,True,True,True,True,True,False,False,44.583552720685084,noise,47.39092791280642,False,True,False,False,,Power,Power Generation,89.3320518981259,True,True,25977.4,81.55,2217283.0,0.3139,45.1,50.0,56.2,78.8,100.0,56.81818181818182,actionable,unknown,1.0,62.1,B
53,NUVAMA.NS,2026-07-09,1934.5999755859375,1822.9166564941406,1667.0666605631511,1607.7525146484375,1417.8940584309896,1410.5228900146485,1844.5213030725754,1086.5091731363827,1955.0,True,True,True,True,True,True,True,True,False,31.47376193775151,noise,82.72054680959708,False,False,True,False,,Capital Markets,Stockbroking & Allied,84.43056222969726,True,True,35312.02,108.86,562700.0,0.3083,43.7,50.0,56.2,97.9,100.0,40.909090909090914,actionable,unknown,1.0,61.7,B
54,GRWRHITECH.NS,2026-07-09,6922.0,6816.833333333333,6327.600002712674,5983.64599609375,4424.208001302083,4174.498001708985,6843.404575422252,2671.6173087131406,7117.0,True,True,True,True,True,True,True,True,False,81.550657430495,noise,39.62371875501342,False,False,False,False,,Industrial Products,Plastic Products - Industrial,95.48294089380106,True,True,16081.46,76.96,111186.0,0.4786,69.5,50.0,85.2,88.5,50.0,27.27272727272727,watch — approaching pivot,unknown,1.0,61.4,B
55,NGLFINE.NS,2026-07-09,3211.300048828125,3096.3333333333335,2916.780565049913,2755.1980126953126,2185.5186653645833,2000.981499633789,3127.244829254648,1173.8127642927202,3329.0,True,True,True,True,True,True,True,True,False,161.4565912688486,noise,62.0177105392939,False,False,False,False,,Pharmaceuticals & Biotechnology,Pharmaceuticals,98.60643921191735,True,True,1983.95,6.01,18729.0,0.3032,76.7,50.0,49.2,86.9,50.0,61.36363636363637,watch — approaching pivot,unknown,1.0,61.3,B
56,YASHO.NS,2026-07-09,3005.0,2918.8416544596353,2611.4166598849824,2341.057990722656,1732.6526611328125,1709.1299951171875,2917.375245752537,1130.0,3180.300048828125,True,True,True,True,True,True,True,True,False,44.358712484970056,noise,54.42839219434964,False,False,False,False,,Chemicals & Petrochemicals,Specialty Chemicals,89.23594425756848,True,True,3628.69,10.41,34644.0,0.2869,44.9,50.0,64.2,83.0,86.0,52.27272727272727,actionable,unknown,1.0,61.2,B
57,TMB.NS,2026-07-09,769.2000122070312,750.1208343505859,737.3170284695095,724.72921875,636.8083044433594,592.2985984802247,757.0659079057498,405.09227596916213,799.4000244140625,True,True,True,True,True,True,True,True,False,79.80096102539814,noise,40.19061171812585,False,True,False,False,,Banks,Private Sector Bank,95.24267179240749,True,True,12180.39,36.01,468165.0,0.2956,68.9,50.0,39.7,86.4,100.0,31.818181818181817,actionable,unknown,1.0,61.1,B
58,MBAPL.NS,2026-07-09,129.85000610351562,117.90333366394043,112.47457186381023,111.58561569213867,97.28184560139974,93.66856399536132,119.22789465352258,74.56403046577304,131.89999389648438,True,True,True,True,True,True,True,True,False,55.9758975416409,green,209.07613216974914,False,False,True,False,,Fertilizers & Agrochemicals,Fertilizers,92.35944257568477,True,True,5689.18,14.38,1107442.0,0.2528,52.2,50.0,52.4,96.9,50.0,77.27272727272727,watch — approaching pivot,unknown,1.0,60.6,B
59,KMEW.NS,2026-07-09,2268.60009765625,2257.6083374023438,2081.5250006781685,2073.3899926757813,1819.588993326823,1680.606243286133,2244.4657553082407,787.4500122070312,2408.800048828125,True,True,True,True,True,True,True,True,False,184.76746728587744,noise,45.61829317075607,False,True,False,False,,Engineering Services,Dredging,98.94281595386833,True,True,5545.39,33.93,149542.0,0.6118,67.5,50.0,28.6,82.4,50.0,95.45454545454545,watch — approaching pivot,unknown,1.0,60.4,B
60,NAVINFLUOR.NS,2026-07-09,7689.0,7600.166666666667,7333.104031032986,7230.3782421875,6498.840374348958,6192.9752197265625,7565.554517053212,4488.291781017636,7810.0,True,True,True,True,True,True,True,True,False,56.21679899780443,noise,90.8688184860284,False,False,False,False,,Chemicals & Petrochemicals,Specialty Chemicals,92.5036040365209,True,True,39433.77,153.71,199912.0,0.3898,52.5,50.0,34.2,90.9,100.0,52.27272727272727,actionable,unknown,1.0,60.4,B
61,MWL.NS,2026-07-09,370.25,373.59166463216144,375.29583316379126,369.9000006103516,304.82179972330727,287.3502495574951,374.1273641608434,157.81095619201662,395.5,True,True,True,True,True,True,True,False,False,131.68345457277968,red,189.58062433871615,False,False,False,False,,Metals & Minerals Trading,Trading - Metals,97.78952426717925,True,True,1099.67,2.55,68810.0,0.2317,64.8,50.0,39.8,81.2,50.0,86.36363636363636,watch — approaching pivot,unknown,1.0,60.3,B
62,JAYBARMARU.NS,2026-07-09,187.1300048828125,173.55750274658203,149.16055573357477,132.92039993286133,105.69799987792969,102.9983500289917,176.34758535936004,70.42001244022823,191.0,True,True,True,True,True,True,True,True,False,142.38640007708136,noise,27.769747784312994,False,False,False,False,,Auto Components,Auto Components & Equipments,98.27006246996636,True,True,2025.68,26.58,1420416.0,1.3122,76.0,50.0,34.1,89.9,50.0,70.45454545454545,watch — approaching pivot,unknown,1.0,60.2,B
63,VENUSREM.NS,2026-07-09,1702.5,1794.9333394368489,1611.3736199273003,1429.9400061035155,1017.3430021158854,887.9337510681153,1741.5934449540916,424.0,2044.300048828125,True,True,True,True,True,True,True,False,False,274.0525151774917,noise,41.311497074774955,False,False,False,False,,Pharmaceuticals & Biotechnology,Pharmaceuticals,99.47140797693417,True,True,2278.4,15.27,89712.0,0.6704,68.8,50.0,66.8,60.6,50.0,61.36363636363637,watch — approaching pivot,unknown,1.0,59.8,B
64,SPAL.NS,2026-07-09,1178.5999755859375,1119.6624959309895,925.3833312988281,891.0159985351562,774.232666015625,764.1424996948242,1115.5860263076815,600.0,1221.9000244140625,True,True,True,True,True,True,True,True,False,38.33791888287632,noise,52.59928782544867,False,False,True,False,,Textiles & Apparels,Garments & Apparels,87.31379144641998,True,True,2962.87,29.78,252649.0,1.005,50.4,50.0,43.9,92.9,100.0,36.36363636363637,actionable,unknown,1.0,59.6,B
65,MIRCELECTR.NS,2026-07-08,42.900001525878906,42.27833366394043,40.470833248562286,40.10479995727539,32.614266624450686,31.059849939346314,42.45720752959543,13.6899995803833,49.22999954223633,True,True,True,True,True,True,True,True,False,209.74729490459745,noise,34.61739437070058,False,False,False,False,,Consumer Durables,Consumer Electronics,99.13503123498319,True,True,1411.82,7.85,2053047.0,0.5558,68.0,50.0,42.3,68.3,50.0,84.0909090909091,watch — approaching pivot,unknown,1.0,59.5,B
66,ASTERDM.NS,2026-07-09,807.1500244140625,782.1291707356771,771.4333343505859,762.9499987792968,672.0916011555989,672.0536434936523,787.84388292408,516.8361420654307,836.5,True,True,True,True,True,True,True,True,False,30.58402433554872,ppv,131.213249918411,False,False,False,False,,Healthcare Services,Hospital,84.1902931283037,True,True,41724.76,67.4,835047.0,0.1615,33.1,50.0,71.2,87.0,96.5,34.090909090909086,actionable,unknown,1.0,59.5,B
67,KRISHNADEF.NS,2026-07-09,1314.300048828125,1265.6682535807292,1219.5086703830295,1194.9781201171875,1018.2117541503907,964.2089566040039,1275.5591162805651,664.3519847169132,1398.6358552528313,True,True,True,True,True,True,True,True,False,43.59145819385504,noise,75.36121133331413,False,True,False,False,,Aerospace & Defense,Aerospace & Defense,88.89956751561749,True,True,1962.7,23.04,175300.0,1.1739,44.1,50.0,45.8,81.9,94.3,54.54545454545454,actionable,unknown,1.0,59.2,B
68,ROSSTECH.NS,2026-07-09,1010.75,963.7124989827474,1000.7138926188151,978.9850048828125,804.889668375651,778.6670025634766,979.7967335735364,454.8750171964384,1122.0,True,True,True,True,True,True,True,True,False,115.59392053277327,noise,93.212721741061,False,False,False,False,,Aerospace & Defense,Aerospace & Defense,97.2128784238347,True,True,3824.7,20.52,203060.0,0.5366,63.5,50.0,66.2,74.2,50.0,54.54545454545454,watch — approaching pivot,unknown,1.0,59.2,B
69,KIRLOSENG.NS,2026-07-09,2424.800048828125,2372.3250325520835,2064.027794731988,1956.2160083007811,1537.5857055664062,1399.874405822754,2315.5052986038922,824.533942481007,2720.0,True,True,True,True,True,True,True,True,False,185.19474082892705,green,127.51546561368106,False,False,False,False,,Industrial Products,"Compressors, Pumps & Diesel Engines",98.99086977414704,True,True,35282.37,188.74,778376.0,0.5349,67.6,50.0,90.2,72.3,43.9,27.27272727272727,actionable,unknown,1.0,59.1,B
70,SHILPAMED.NS,2026-07-09,622.2999877929688,590.7958272298177,549.709720187717,520.9479986572265,397.1866660563151,390.3552496337891,595.0875457700776,259.5,632.7999877929688,True,True,True,True,True,True,True,True,False,40.122347408975045,green,104.64717000020791,False,False,True,False,,Pharmaceuticals & Biotechnology,Pharmaceuticals,87.79432964920711,True,True,12171.06,67.51,1084889.0,0.5547,41.5,50.0,45.5,96.7,78.1,61.36363636363637,actionable,unknown,1.0,59.0,B
71,SHRIPISTON.NS,2026-07-09,4246.2998046875,4160.25830078125,3707.7833251953125,3640.10599609375,3273.104853515625,3120.851071777344,4155.0596839807395,2297.412275557539,4421.5,True,True,True,True,True,True,True,True,False,65.71586025434321,noise,48.77438279024167,False,True,False,False,,Auto Components,Auto Components & Equipments,93.80105718404613,True,True,18704.88,32.33,76146.0,0.1729,55.5,50.0,52.7,86.1,50.0,70.45454545454545,watch — approaching pivot,unknown,1.0,59.0,B
72,KRISHANA.NS,2026-07-09,138.14999389648438,140.6774991353353,137.07981703016492,135.95727569580077,114.7583087158203,112.0761615371704,138.29570220798536,82.26034980327647,152.3000030517578,True,True,True,True,True,True,True,False,False,65.82901061391621,noise,88.58593379873567,False,False,False,False,,Fertilizers & Agrochemicals,Fertilizers,93.84911100432485,True,True,4270.74,23.29,1686193.0,0.5454,55.6,50.0,53.8,75.4,50.0,77.27272727272727,watch — approaching pivot,unknown,1.0,58.9,B
73,AKUMS.NS,2026-07-09,658.2000122070312,627.8904418945312,584.3041364881727,570.4578393554688,499.6740366617839,486.81490234375,634.1631753772048,407.37371334346585,676.0,True,True,True,True,True,True,True,True,False,13.930968747438023,green,194.69536536653857,False,False,True,False,,Pharmaceuticals & Biotechnology,Pharmaceuticals,74.14704469005285,True,True,10077.18,19.67,298890.0,0.1952,19.7,50.0,51.0,94.7,100.0,61.36363636363637,actionable,unknown,1.0,58.7,B
74,HSCL.NS,2026-07-09,650.0499877929688,665.1124979654948,650.9291670057509,637.8814624023438,527.3162687174479,509.6957734680176,659.7783591338842,417.9330556788151,718.0,True,True,True,True,True,True,True,False,False,32.55917258450596,noise,39.69615546650853,False,False,False,False,,Chemicals & Petrochemicals,Carbon Black,84.86304661220568,True,True,32798.96,791.94,12182831.0,2.4145,34.7,50.0,53.8,75.1,100.0,52.27272727272727,actionable,unknown,1.0,58.5,B
75,TALBROAUTO.NS,2026-07-09,408.79998779296875,410.7999979654948,372.85694376627606,360.1439990234375,297.680132039388,295.76974914550783,406.3426597945739,219.89999389648438,435.0,True,True,True,True,True,True,True,True,False,38.298712776018064,noise,25.081386346474986,False,True,False,False,,Auto Components,Auto Components & Equipments,87.26573762614129,True,True,2523.45,14.89,364348.0,0.5902,40.3,50.0,28.2,82.0,100.0,70.45454545454545,actionable,unknown,1.0,58.5,B
76,SAKAR.NS,2026-07-09,800.3499755859375,822.3833312988281,810.9694417317709,763.0909985351562,572.3436653645833,521.781499633789,818.1516963883465,311.0,889.9500122070312,True,True,True,True,True,True,True,False,False,132.38966021192704,noise,41.85445556119737,False,False,False,False,,Pharmaceuticals & Biotechnology,Pharmaceuticals,97.83757808745796,True,True,1756.76,14.85,185599.0,0.8456,65.0,50.0,53.8,73.9,50.0,61.36363636363637,watch — approaching pivot,unknown,1.0,58.3,B
77,MARKSANS.NS,2026-07-09,277.29998779296875,264.46000417073566,251.35111321343317,237.3996011352539,196.93473327636718,192.9711499786377,265.179678254081,155.0,281.6000061035156,True,True,True,True,True,True,True,True,False,8.111408017568976,ppv,129.14602490809045,False,False,True,False,,Pharmaceuticals & Biotechnology,Pharmaceuticals,70.25468524747718,True,True,12566.23,80.55,2904953.0,0.641,10.6,50.0,88.8,96.9,59.3,61.36363636363637,actionable,unknown,1.0,57.8,B
78,JNKINDIA.NS,2026-07-09,509.45001220703125,488.3875020345052,451.3361104329427,425.1111993408203,306.83433319091796,301.45340034484866,488.7908096838873,200.9199981689453,534.0,True,True,True,True,True,True,True,True,False,52.47256026803717,green,119.25700860607522,False,False,False,False,,Industrial Manufacturing,Industrial Products,91.35031234983181,True,True,2850.57,62.66,1229943.0,2.1981,59.8,50.0,28.5,84.8,71.3,63.63636363636363,actionable,unknown,1.0,57.5,B
79,MAYURUNIQ.NS,2026-07-09,833.2999877929688,841.8624928792318,794.0749986436632,740.8270007324219,596.4253334554037,575.8252496337891,846.9328555134941,471.20001220703125,907.0,True,True,True,True,True,True,True,False,False,48.77386325100754,noise,41.575786321860704,False,False,False,False,,Consumer Durables,Leather And Leather Products,90.62950504565113,True,True,3620.91,23.22,278627.0,0.6412,48.1,50.0,47.1,77.7,50.0,84.0909090909091,watch — approaching pivot,unknown,1.0,57.5,B
80,IFCI.NS,2026-07-09,76.66000366210938,76.27083333333333,75.79194471571181,71.92760009765625,60.98366663614909,59.52369995117188,76.31175468788123,46.22999954223633,95.80000305175781,True,True,True,True,True,True,True,True,False,23.58537025748808,noise,69.18174486312179,False,True,False,False,,Finance,Financial Institution,80.2498798654493,True,True,20654.61,444.98,58045653.0,2.1544,23.9,50.0,87.8,54.0,88.1,47.72727272727273,actionable,unknown,1.0,57.4,B
81,KERNEX.NS,2026-07-09,2124.0,2178.3999938964844,1930.6777716742622,1783.9219946289063,1348.8356656901042,1316.0082498168945,2173.8133562076546,850.0,2445.0,True,True,True,True,True,True,True,False,False,82.53695810971873,noise,63.18322155727439,False,True,False,False,,Transport Services,Transport Related Services,95.53099471407977,True,True,3569.09,67.1,315890.0,1.8799,59.6,50.0,85.2,67.7,50.0,29.545454545454547,watch — approaching pivot,unknown,1.0,57.3,B
82,SONACOMS.NS,2026-07-09,670.75,642.6458333333334,614.5392303466797,605.3368603515624,540.0206408691406,520.5362890625,651.1286225984469,399.8350028638013,680.7999877929688,True,True,True,True,True,True,True,True,False,44.11386780698132,noise,64.73670497453068,False,True,False,False,,Auto Components,Auto Components & Equipments,89.09178279673235,True,True,41722.99,152.79,2277848.0,0.3662,54.5,50.0,41.3,91.0,50.0,70.45454545454545,watch — approaching pivot,unknown,1.0,57.3,B
83,SANSERA.NS,2026-07-09,3142.0,3166.050008138021,2997.2972344292534,2846.4020166015625,2294.8586678059896,2100.4809991455077,3142.179656883868,1213.621511341324,3339.0,True,True,True,True,True,True,True,False,False,123.26534821846246,noise,85.21214672661958,False,True,False,False,,Auto Components,Auto Components & Equipments,97.40509370494954,True,True,19607.2,95.46,303814.0,0.4869,63.9,50.0,34.3,82.2,50.0,70.45454545454545,watch — approaching pivot,unknown,1.0,56.9,B
84,CARYSIL.NS,2026-07-09,1186.5999755859375,1167.5416564941406,1143.852779812283,1082.3890002441406,939.4880000813802,939.1090002441406,1157.341984431173,732.0999755859375,1247.9000244140625,True,True,True,True,True,True,True,True,False,43.30676726978413,noise,79.91165541928608,False,False,False,False,,Consumer Durables,Household Appliances,88.75540605478136,True,True,3375.0,17.96,151381.0,0.5322,43.8,50.0,44.5,84.2,48.7,84.0909090909091,actionable,unknown,1.0,56.8,B
85,AIMTRON.NS,2026-07-08,1248.550048828125,1265.741678873698,1231.5930684407551,1195.8450048828124,955.3900016276042,917.1357498168945,1270.705406421683,632.5999755859375,1416.0,True,True,True,True,True,True,True,False,False,89.07399030646887,noise,84.46455505279035,False,False,False,False,,Industrial Manufacturing,Industrial Products,95.81931763575204,True,True,1113.17,3.01,55131.0,0.2701,60.2,50.0,51.4,70.3,50.0,63.63636363636363,watch — approaching pivot,unknown,1.0,56.8,B
86,GALAPREC.NS,2026-07-09,1182.5999755859375,1142.8208414713542,1014.9736141628689,962.2250024414062,822.2926680501303,806.6717501831055,1153.8654428908967,671.2000122070312,1260.0,True,True,True,True,True,True,True,True,False,38.99858868753392,noise,70.27414447788072,False,False,False,False,,Industrial Manufacturing,Industrial Products,87.55406054781355,True,True,1515.64,9.24,78119.0,0.6095,41.0,50.0,64.2,81.7,50.0,63.63636363636363,watch — approaching pivot,unknown,1.0,56.6,B
87,HAPPYFORGE.NS,2026-07-09,1564.0999755859375,1524.5083414713542,1444.838894314236,1428.4260034179688,1267.0940002441407,1197.9272494506836,1520.8183479671386,862.0499877929688,1590.4000244140625,True,True,True,True,True,True,True,True,False,64.21307535533225,noise,75.64827782379975,False,False,True,False,,Industrial Products,Castings & Forgings,93.56078808265256,True,True,14761.78,18.01,115173.0,0.122,55.0,50.0,36.3,96.7,89.4,27.27272727272727,actionable,unknown,1.0,56.6,B
88,SBC.NS,2026-07-09,42.11000061035156,41.88666661580404,39.61777803632948,38.051000366210936,32.9296000289917,30.65630002975464,41.838962278341484,14.859999656677246,45.0,True,True,True,True,True,True,True,True,False,175.40876857692393,noise,53.58676572322815,False,True,False,False,,Textiles & Apparels,Garments & Apparels,98.8467083133109,True,True,2005.24,54.32,12899751.0,2.709,67.3,50.0,56.4,81.2,50.0,36.36363636363637,watch — approaching pivot,unknown,1.0,56.3,B
89,AMBIKCO.NS,2026-07-09,1761.800048828125,1735.7666727701824,1670.6305474175347,1641.9899926757812,1416.1686661783854,1404.1005010986328,1727.2316637337003,1101.0,1816.300048828125,True,True,True,True,True,True,True,True,False,14.217246340717772,green,106.02769154924778,False,False,False,False,,Textiles & Apparels,Other Textile Products,74.3392599711677,True,True,1008.63,3.01,17107.0,0.2988,20.1,50.0,61.8,88.0,100.0,36.36363636363637,actionable,unknown,1.0,56.2,B
90,GANDHAR.NS,2026-07-09,193.35000610351562,184.53249740600586,170.0322206285265,163.898798828125,148.90285471598307,145.9354921722412,186.35438986621136,115.0,196.8000030517578,True,True,True,True,True,True,True,True,False,13.609116569211398,noise,59.30565926596921,False,False,True,False,,Petroleum Products,Lubricants,74.05093704949543,True,True,1892.5,18.92,978498.0,0.9997,19.5,50.0,67.2,96.5,100.0,22.727272727272727,actionable,unknown,1.0,56.0,B
91,VIJAYA.NS,2026-07-09,1377.800048828125,1352.9666849772136,1311.4805569118923,1294.7439990234375,1091.8396671549478,1071.83125,1350.6125373206746,848.0,1427.800048828125,True,True,True,True,True,True,True,True,False,35.28418344573716,noise,72.9216283324973,False,False,False,False,,Healthcare Services,Healthcare Service Provider,85.67996155694377,True,True,14177.11,41.78,303223.0,0.2947,36.6,50.0,53.8,87.0,89.2,34.090909090909086,actionable,unknown,1.0,55.9,B
92,SANGAMIND.NS,2026-07-09,559.7999877929688,547.2624969482422,531.026734246148,524.2895294189453,476.67291666666665,466.4556672668457,548.6095199014468,338.5928651443625,574.9000244140625,True,True,True,True,True,True,True,True,False,23.066146408487654,noise,85.80520661600153,False,True,True,False,,Textiles & Apparels,Other Textile Products,80.10571840461317,True,True,2760.37,3.37,60156.0,0.122,33.6,50.0,40.3,94.7,100.0,36.36363636363637,actionable,unknown,1.0,55.8,B
93,MUFIN.NS,2026-07-09,129.97999572753906,131.24916776021323,126.36861207750108,123.39680053710937,115.57293329874675,111.97004997253418,130.97416040466152,82.98999786376953,138.0,True,True,True,True,True,True,True,False,False,52.09454378657408,noise,32.47251340079881,False,True,False,False,,Finance,Non Banking Financial Company (NBFC),91.3022585295531,True,True,2575.71,28.28,2175412.0,1.0978,49.7,50.0,62.4,82.4,50.0,47.72727272727273,watch — approaching pivot,unknown,1.0,55.7,B
94,GVPIL.NS,2026-07-09,860.7000122070312,919.8583424886068,904.2263946533203,835.5150012207031,541.176333211263,487.7942501831055,901.8087843883391,270.8999938964844,1084.0,True,True,True,True,True,True,True,False,False,171.85723171641905,noise,46.381953766817304,False,True,False,False,,Electrical Equipment,Heavy Electrical Equipment,98.7986544930322,True,True,5786.27,29.87,347034.0,0.5162,67.2,50.0,35.0,54.0,50.0,79.54545454545455,watch — approaching pivot,unknown,1.0,55.7,B
95,RICOAUTO.NS,2026-07-09,130.02000427246094,134.61500040690103,131.1072211795383,126.99359909057617,121.99779958089192,115.3779997253418,133.62350889892838,65.40713375710308,157.0,True,True,True,True,True,True,True,False,False,73.31453672381483,noise,20.61425809576977,False,True,False,False,,Auto Components,Auto Components & Equipments,94.56991830850554,True,True,1758.98,39.42,3031975.0,2.2412,57.3,50.0,49.2,59.6,50.0,70.45454545454545,watch — approaching pivot,unknown,1.0,55.5,B
96,PGIL.NS,2026-07-09,1979.800048828125,2024.9750061035156,1791.1305643717449,1725.3206127929689,1607.7046549479167,1560.144526977539,1978.628033191709,1167.6433047093678,2115.699951171875,True,True,True,True,True,True,True,True,False,26.019168003443703,noise,20.940282436352962,False,False,False,False,,Textiles & Apparels,Garments & Apparels,81.88370975492552,True,True,9143.53,26.37,133172.0,0.2884,27.7,50.0,53.8,81.2,100.0,36.36363636363637,actionable,unknown,1.0,55.4,B
97,CNL.NS,2026-07-09,842.1500244140625,759.0833282470703,704.0166659884983,685.9569995117188,672.612665608724,670.2548449707032,773.8730082720058,525.0,899.0,True,True,True,True,True,True,True,True,False,27.771817737407332,ppv,3535.3498702305956,False,False,True,False,,Commercial Services & Supplies,Trading & Distributors,82.55646323882748,True,True,1264.63,2.01,23896.0,0.1591,39.3,50.0,88.8,87.4,34.4,38.63636363636363,actionable,unknown,1.0,55.3,B
98,ANANDRATHI.NS,2026-07-09,2095.60009765625,2004.4583333333333,1858.9611104329426,1839.3181420898438,1652.9221329752604,1614.6134790039061,2022.4188929721968,1027.4399377086893,2120.0,True,True,True,True,True,True,True,True,False,100.15021331129645,noise,66.18655742638782,False,False,True,False,,Capital Markets,Financial Products Distributor,96.54012493993272,True,True,34795.61,146.05,696945.0,0.4197,71.9,50.0,28.7,97.7,50.0,40.909090909090914,watch — approaching pivot,unknown,1.0,54.9,C
99,BALAMINES.NS,2026-07-09,2364.0,2100.0902099609375,2038.7172953287761,1895.7277709960938,1374.6544982910157,1363.4975479125976,2158.618162896952,963.3273935013657,2390.0,True,True,True,True,True,True,True,True,False,24.795475941289457,ppv,196.8009962335715,False,False,True,False,,Chemicals & Petrochemicals,Specialty Chemicals,81.16290245074484,True,True,7659.6,100.32,424376.0,1.3098,26.0,50.0,86.2,97.8,29.8,52.27272727272727,actionable,unknown,1.0,54.8,C
100,NITINSPIN.NS,2026-07-09,549.0999755859375,555.7583363850912,536.6277779473198,524.9040002441407,410.2166670735677,390.0725001525879,551.9893944220244,302.20001220703125,580.5,True,True,True,True,True,True,True,False,False,40.87612037723645,noise,28.80734427890777,False,True,False,False,,Textiles & Apparels,Other Textile Products,87.98654493032197,True,True,3087.04,10.64,193706.0,0.3445,42.0,50.0,32.9,83.2,100.0,36.36363636363637,actionable,unknown,1.0,54.8,C
101,AIAENG.NS,2026-07-09,4687.5,4835.38330078125,4579.319451226129,4390.768012695313,4024.4080094401043,3861.491005859375,4767.851699895776,2985.486170743132,5180.0,True,True,True,True,True,True,True,False,False,42.36556853133677,noise,89.32975522409565,False,True,False,False,,Industrial Products,Castings & Forgings,88.32292167227294,True,True,43743.92,41.79,89151.0,0.0955,42.8,50.0,85.2,75.0,50.0,27.27272727272727,watch — approaching pivot,unknown,1.0,54.5,C
102,VINDHYATEL.NS,2026-07-09,1960.5999755859375,2046.5999755859375,2068.5305447048613,1939.0739868164062,1469.0396630859375,1462.959246826172,2015.3965187307435,963.9000244140625,2484.89990234375,True,True,True,True,True,True,True,False,False,16.583877428229666,noise,21.133447959132727,False,False,False,False,,Telecom - Services,Telecom - Infrastructure,76.11725132148007,True,True,2323.48,20.13,102677.0,0.8664,14.3,50.0,85.2,54.0,50.0,81.81818181818183,watch — approaching pivot,unknown,1.0,54.4,C
103,CCL.NS,2026-07-09,1209.199951171875,1180.3499755859375,1131.6777716742622,1131.07,1051.6931070963542,1017.8817504882812,1183.3143329812333,813.3032507787244,1236.199951171875,True,True,True,True,True,True,True,True,False,36.78060072211258,noise,81.20608236879771,False,False,True,False,,Agricultural Food & other Products,Tea & Coffee,86.35271504084575,True,True,16121.9,48.28,399259.0,0.2995,48.2,50.0,34.6,95.6,100.0,13.636363636363635,actionable,unknown,1.0,54.4,C
104,SOTL.NS,2026-07-09,581.7999877929688,540.1083424886068,524.2819442749023,492.5959997558594,402.3430000813802,399.81525009155274,552.4998528183124,285.79998779296875,639.1500244140625,True,True,True,True,True,True,True,True,False,35.292845683346094,ppv,61.17571246920751,False,False,False,False,,Petroleum Products,Lubricants,85.72801537722249,True,True,3988.84,28.41,488237.0,0.7121,36.7,50.0,72.2,76.1,73.8,22.727272727272727,actionable,unknown,1.0,53.9,C
105,CARRARO.NS,2026-07-09,561.0,548.0416768391927,546.8500052558052,554.050005493164,531.3580025227865,523.3395014953613,545.1731453799008,400.74520999205396,667.5499877929688,True,True,True,True,True,True,True,True,False,24.101185529532245,ppv,537.4502555243151,False,False,False,False,,Auto Components,Auto Components & Equipments,80.73041806823642,True,True,3189.37,15.52,276697.0,0.4867,25.0,50.0,73.6,62.1,50.0,70.45454545454545,watch — approaching pivot,unknown,1.0,53.8,C
106,PHOENIXLTD.NS,2026-07-09,2088.0,1996.0083414713542,1857.9611104329426,1834.0320043945312,1764.939334309896,1741.113002319336,2017.4935742865491,1400.2525431951217,2134.699951171875,True,True,True,True,True,True,True,True,False,38.27115943557862,green,247.39468500604139,False,False,False,False,,Realty,"Residential, Commercial Projects",87.21768380586256,True,True,74675.33,115.42,552775.0,0.1546,50.2,50.0,33.8,89.6,100.0,11.363636363636363,actionable,unknown,1.0,53.6,C
107,KODYTECH.NS,2026-07-08,1077.9000244140625,1079.3541666666667,973.9388868543837,921.3879992675782,859.7769995117187,816.7989999389648,1083.3263674050404,556.0499877929688,1160.0,True,True,True,True,True,True,True,False,False,43.15691705144471,red,204.91803278688522,False,False,False,False,,IT - Software,Computers - Software & Consulting,88.70735223450265,True,True,4525.38,2.86,8050.0,0.0631,43.7,50.0,37.7,79.8,50.0,72.72727272727273,watch — approaching pivot,unknown,1.0,53.5,C
108,BELRISE.NS,2026-07-09,228.83999633789062,235.64583587646484,228.670834435357,224.51040100097657,196.87760080973308,186.79495079040527,231.89324460604615,101.86143174703678,252.0,True,True,True,True,True,True,True,False,False,124.17580150775325,noise,84.46518481924375,False,True,False,False,,Auto Components,Auto Components & Equipments,97.54925516578568,True,True,20364.0,108.17,4726940.0,0.5312,64.3,50.0,18.8,75.6,50.0,70.45454545454545,watch — approaching pivot,unknown,1.0,53.4,C
109,NRBBEARING.NS,2026-07-09,422.6499938964844,428.8625005086263,410.15694597032336,385.6627325439453,304.2768120320638,296.38180351257324,426.628565762666,211.10343900049978,467.6000061035156,True,True,True,True,True,True,True,False,False,52.69402056067945,noise,29.191302765663934,False,True,False,False,,Auto Components,Auto Components & Equipments,91.44641999038924,True,True,4096.43,43.56,1030727.0,1.0635,50.0,50.0,31.5,74.8,50.0,70.45454545454545,watch — approaching pivot,unknown,1.0,52.7,C
110,SURYODAY.NS,2026-07-09,177.1300048828125,176.84499867757162,171.26555421617297,169.72759857177735,146.47426620483398,145.6943496322632,177.23684691044895,115.41000366210938,190.77999877929688,True,True,True,True,True,True,True,False,False,25.472839257837233,noise,28.854374443630554,False,True,False,False,,Banks,Other Bank,81.49927919269582,True,True,1882.71,9.76,550904.0,0.5183,26.8,50.0,44.3,79.7,100.0,31.818181818181817,actionable,unknown,1.0,52.7,C
111,SMSPHARMA.NS,2026-07-09,407.04998779296875,402.2583312988281,384.3000005086263,391.1429998779297,366.56733357747396,345.7796965789795,406.13329340568544,207.70523539173377,447.79998779296875,True,True,True,True,True,True,True,True,False,67.4298969164045,noise,86.47421853218118,False,True,False,False,,Pharmaceuticals & Biotechnology,Pharmaceuticals,94.0893801057184,True,True,3812.11,16.47,404673.0,0.4321,56.2,50.0,30.7,75.8,50.0,61.36363636363637,watch — approaching pivot,unknown,1.0,52.6,C
112,CONFIPET.NS,2026-07-09,72.31999969482422,72.93500073750813,70.29111109839545,66.99700004577636,47.61600011189778,46.22709272384643,72.2309481623244,28.059999465942383,80.56999969482422,True,True,True,True,True,True,True,True,False,28.980893149762643,noise,39.17557580364065,False,False,False,False,,Gas,LPG/CNG/PNG/LNG Supplier,83.18116290245075,True,True,2402.77,26.47,3659444.0,1.1014,30.8,50.0,56.2,73.5,90.4,25.0,actionable,unknown,1.0,52.4,C
113,INOXINDIA.NS,2026-07-09,2006.199951171875,1900.4583435058594,1744.590793185764,1664.7918896484375,1350.7895247395834,1310.9843975830079,1898.6110835528839,1063.7207176384813,2099.0,True,True,True,True,True,True,True,True,False,59.70523682446542,green,190.87753933918495,False,False,False,False,,Industrial Products,Other Industrial Products,92.83998077847188,True,True,18208.97,85.68,427077.0,0.4705,63.3,50.0,53.8,85.2,38.2,27.27272727272727,actionable,unknown,1.0,52.4,C
114,DCBBANK.NS,2026-07-09,186.00999450683594,186.41666539510092,181.22603946261935,180.88552795410158,180.16508290608724,173.3267853164673,185.56965663846137,118.51625759687853,204.18790888548025,True,True,True,True,True,True,True,True,False,31.896246626544954,noise,55.70184333723829,False,False,False,False,,Banks,Private Sector Bank,84.62277751081211,True,True,5990.96,23.28,1251281.0,0.3885,34.1,50.0,37.1,76.2,100.0,31.818181818181817,actionable,unknown,1.0,52.4,C
115,EMCURE.NS,2026-07-09,1809.5,1842.4833272298176,1769.1277703179253,1746.4599926757812,1583.7226643880208,1528.0634991455079,1825.447883040895,1226.3641410232713,1944.0,True,True,True,True,True,True,True,False,False,45.864510574751534,noise,70.23454819581988,False,False,False,False,,Pharmaceuticals & Biotechnology,Pharmaceuticals,89.62037481979817,True,True,34322.62,44.3,244825.0,0.1291,45.8,50.0,38.4,80.2,50.0,61.36363636363637,watch — approaching pivot,unknown,1.0,52.4,C
116,IDEAFORGE.NS,2026-07-09,857.9000244140625,835.9000040690104,859.8097245958116,836.5960009765626,574.7656669108073,552.2595002746582,849.028659054856,366.0,992.25,True,True,True,True,True,True,True,True,False,47.494195547964836,dry,13.653984049527084,False,True,False,False,,Aerospace & Defense,Aerospace & Defense,90.29312830370014,True,True,3722.97,117.65,1371415.0,3.1602,47.4,50.0,49.8,66.9,50.0,54.54545454545454,watch — approaching pivot,unknown,1.0,52.2,C
117,CEIGALL.NS,2026-07-09,368.8999938964844,378.8833363850911,365.8513895670573,360.6820001220703,304.0832004801432,291.70074996948244,373.8208189244955,222.61000061035156,405.70001220703125,True,True,True,True,True,True,True,False,False,36.78160074138361,noise,66.69525348901435,False,True,False,False,,Construction,Civil Construction,86.40076886112446,True,True,6426.42,25.07,679673.0,0.3902,38.3,50.0,41.0,75.9,50.0,68.18181818181817,watch — approaching pivot,unknown,1.0,51.9,C
118,MANINDS.NS,2026-07-09,574.2999877929688,575.7416687011719,553.7736061943901,550.9049981689453,454.92566569010415,444.48324966430664,571.9641966789487,302.04998779296875,623.7000122070312,True,True,True,True,True,True,True,True,False,35.36829411737625,noise,45.473169008540964,False,False,False,False,,Industrial Products,Iron & Steel Products,85.7760691975012,True,True,4307.8,45.79,797386.0,1.063,36.8,50.0,33.3,78.2,100.0,27.27272727272727,actionable,unknown,1.0,51.8,C
119,RPEL.NS,2026-07-09,1289.0,1239.5541483561199,1132.1169806586372,1036.2282360839845,863.3950211588542,850.9184411621094,1260.305029051567,560.8282002900473,1330.0,True,True,True,True,True,True,True,True,False,81.40408069024852,noise,20.98218447567523,False,True,False,False,,Industrial Products,Electrodes & Refractories,95.38683325324364,True,True,5919.34,20.55,159456.0,0.3472,69.2,50.0,31.6,87.8,50.0,27.27272727272727,watch — approaching pivot,unknown,1.0,51.7,C
120,ABSLAMC.NS,2026-07-09,1136.0,1158.066650390625,1103.0388844807942,1086.9739978027344,944.6210013834635,905.3042510986328,1151.117653462551,708.0,1224.9000244140625,True,True,True,True,True,True,True,False,False,43.6131608627828,noise,58.36364858594422,False,False,False,False,,Capital Markets,Asset Management Company,88.9476213358962,True,True,32853.52,50.65,445833.0,0.1542,44.2,50.0,53.8,79.5,50.0,40.909090909090914,watch — approaching pivot,unknown,1.0,51.7,C
121,DYNAMATECH.NS,2026-07-09,10845.0,10453.833333333334,10557.25,10779.32,9968.161705729166,9502.049321289063,10579.03652764355,6316.743428028843,12875.0,True,True,True,True,True,True,True,True,False,49.43659920210539,noise,66.84044408063427,False,False,False,False,,Industrial Manufacturing,Industrial Products,90.77366650648726,True,True,7365.32,26.36,24306.0,0.3579,48.5,50.0,39.8,62.5,50.0,63.63636363636363,watch — approaching pivot,unknown,1.0,51.4,C
122,STEL.NS,2026-07-09,563.9000244140625,574.3999938964844,538.6874949137369,517.3249963378906,492.3299979654948,479.6077484130859,565.5205128896084,380.0,657.2999877929688,True,True,True,True,True,True,True,False,False,37.83916304107251,dry,18.14163951486019,False,True,False,False,,Finance,Investment Company,87.02546852474772,True,True,1040.7,0.67,11835.0,0.0641,39.7,50.0,36.3,65.6,78.9,47.72727272727273,actionable,unknown,1.0,51.3,C
123,FCL.NS,2026-07-09,37.43000030517578,38.94416650136312,39.83444446987576,36.324600028991696,27.579799982706707,26.93535096168518,38.443770250753495,19.100000381469727,47.18000030517578,True,True,True,True,True,True,True,False,False,38.56244316031474,dry,16.3471191578077,False,True,False,False,,Chemicals & Petrochemicals,Specialty Chemicals,87.40989908697742,True,True,4358.73,81.32,21724762.0,1.8656,40.6,50.0,61.8,54.0,50.0,52.27272727272727,watch — approaching pivot,unknown,1.0,51.1,C
124,MANGLMCEM.NS,2026-07-09,944.5999755859375,921.75,871.7027774386936,876.6649963378907,832.7123319498697,810.7987487792968,921.2676965001621,679.3499755859375,967.9500122070312,True,True,True,True,True,True,True,True,False,25.03575837486023,noise,33.50453717855303,False,False,False,False,,Cement & Cement Products,Cement & Cement Products,81.21095627102355,True,True,2597.39,7.65,80947.0,0.2944,36.2,50.0,30.5,89.2,99.5,18.181818181818183,actionable,unknown,1.0,51.1,C
125,DATAPATTNS.NS,2026-07-09,4284.0,4490.9250081380205,4371.475016276042,4276.028012695312,3401.630008138021,3255.7205004882812,4455.992753040887,2131.0,4955.89990234375,True,True,True,True,True,True,True,False,False,45.02188684297632,noise,49.51025971721014,False,False,False,False,,Aerospace & Defense,Aerospace & Defense,89.42815953868333,True,True,23983.53,539.3,1258865.0,2.2486,45.3,50.0,45.3,66.9,50.0,54.54545454545454,watch — approaching pivot,unknown,1.0,50.9,C
126,SATIN.NS,2026-07-09,255.1199951171875,247.81666564941406,235.2016660902235,228.16299926757813,177.2082666015625,170.30004974365235,250.73921816119793,133.00999450683594,267.20001220703125,True,True,True,True,True,True,True,True,False,47.750042174420315,noise,31.440140168531332,False,True,False,False,,Finance,Microfinance Institutions,90.43728976453627,True,True,2806.01,28.0,1097712.0,0.998,47.7,50.0,34.1,85.0,50.0,47.72727272727273,watch — approaching pivot,unknown,1.0,50.5,C
127,ICIL.NS,2026-07-09,421.8500061035156,428.875,368.6305567423503,347.3152014160156,293.57253428141274,291.8914998626709,420.94866263698424,216.89999389648438,463.79998779296875,True,True,True,True,True,True,True,True,False,48.54112879463723,noise,26.46854072396029,False,False,False,False,,Textiles & Apparels,Other Textile Products,90.53339740509371,True,True,8354.92,38.92,922583.0,0.4658,47.9,50.0,48.7,75.9,50.0,36.36363636363637,watch — approaching pivot,unknown,1.0,50.4,C
128,SBCL.NS,2026-07-09,726.7000122070312,747.1333363850912,733.5555521647135,699.2199975585937,536.4090608723958,524.324058227539,737.6102400347557,368.6000061035156,814.0,True,True,True,True,True,True,True,False,False,36.7468202388344,noise,45.736175971946416,False,False,False,False,,Industrial Products,Iron & Steel Products,86.30466122056704,True,True,4186.1,44.69,615021.0,1.0677,38.0,50.0,68.8,72.6,50.0,27.27272727272727,watch — approaching pivot,unknown,1.0,50.3,C
129,KTKBANK.NS,2026-07-09,268.0,266.9125010172526,268.4222234090169,265.2652005004883,229.83839986165364,217.70554969787597,266.86078430312824,164.46822856250571,282.95001220703125,True,True,True,True,True,True,True,True,False,42.891238095548026,noise,66.17734168305262,False,True,False,False,,Banks,Private Sector Bank,88.5631907736665,True,True,10135.27,71.19,2656297.0,0.7024,43.3,50.0,50.3,83.4,50.0,31.818181818181817,watch — approaching pivot,unknown,1.0,50.0,C
130,MACPOWER.NS,2026-07-09,1372.300048828125,1320.0041809082031,1133.0875074598525,1143.2490063476562,1016.3943347167968,977.9002508544922,1334.900087970913,761.0,1470.0,True,True,True,True,True,True,True,True,False,41.34861218648555,dry,18.559179326061994,False,True,False,False,,Industrial Manufacturing,Industrial Products,88.1307063911581,True,True,1372.87,6.36,46326.0,0.4631,42.3,50.0,26.7,80.7,50.0,63.63636363636363,watch — approaching pivot,unknown,1.0,50.0,C
131,PRIVISCL.NS,2026-07-09,3621.300048828125,3630.5666707356772,3438.9861111111113,3392.7480029296876,3093.658671875,3029.823505859375,3616.9927452202637,2173.199951171875,3760.0,True,True,True,True,True,True,True,True,False,46.931236789992916,noise,34.502994654411,False,False,False,False,,Chemicals & Petrochemicals,Specialty Chemicals,89.90869774147045,True,True,14145.78,37.12,102496.0,0.2624,46.5,50.0,27.4,86.6,50.0,52.27272727272727,watch — approaching pivot,unknown,1.0,50.0,C
132,SANDHAR.NS,2026-07-09,665.9500122070312,688.8666737874349,692.6597239176432,642.7260003662109,558.3456677246094,547.4410000610352,685.5173543253933,402.13661244010495,763.2000122070312,True,True,True,True,True,True,True,False,False,28.622399949451328,dry,14.570563647815202,False,True,False,False,,Auto Components,Auto Components & Equipments,82.89283998077848,True,True,4018.03,39.33,590652.0,0.9789,30.1,50.0,42.4,68.5,50.0,70.45454545454545,watch — approaching pivot,unknown,1.0,49.9,C
133,DIAMONDYD.NS,2026-07-09,1198.300048828125,1163.7833150227864,1127.7777760823567,1090.3219995117188,1068.444003092448,1062.2280047607421,1178.888843885405,858.9000244140625,1228.9000244140625,True,True,True,True,True,True,True,True,False,16.534117882529166,noise,28.892028141422077,False,True,False,False,,Food Products,Packaged Foods,76.06919750120134,True,True,2864.36,8.03,66978.0,0.2802,14.2,50.0,68.8,89.0,50.0,43.18181818181818,watch — approaching pivot,unknown,1.0,49.9,C
134,KIRLPNU.NS,2026-07-09,1782.0999755859375,1861.1781819661458,1734.4545355902778,1678.01853515625,1304.8167057291666,1264.1910070800782,1824.1533488957912,982.5700473431639,2187.0783808234205,True,True,True,True,True,True,True,False,False,25.061618638451666,noise,30.728033358049885,False,True,False,False,,Industrial Products,"Compressors, Pumps & Diesel Engines",81.30706391158097,True,True,11577.09,44.34,248803.0,0.383,26.4,50.0,44.8,57.0,100.0,27.27272727272727,actionable,unknown,1.0,49.3,C
135,ARVIND.NS,2026-07-09,533.0999755859375,552.4041544596354,513.9083268907335,492.50599548339846,393.5139984130859,375.4287487792969,542.558449577391,274.79998779296875,600.0,True,True,True,True,True,True,True,False,False,55.5885322816487,noise,64.9011405339231,False,True,False,False,,Textiles & Apparels,Garments & Apparels,92.16722729456993,True,True,13973.33,55.07,1033056.0,0.3941,51.7,50.0,40.4,71.7,50.0,36.36363636363637,watch — approaching pivot,unknown,1.0,49.2,C
136,TIPSMUSIC.NS,2026-07-09,711.1500244140625,661.3791656494141,657.9583282470703,654.797998046875,580.3643225097657,567.4094194030762,673.569777089355,478.56920878389656,726.75,True,True,True,True,True,True,True,True,True,7.806252485473908,ppv,389.0926497149005,True,False,True,False,,Entertainment,Media & Entertainment,70.01441614608362,True,True,9090.74,30.1,423212.0,0.3311,0.0,50.0,88.8,95.7,70.0,6.8181818181818175,actionable,unknown,1.0,49.0,C
137,PARAS.NS,2026-07-09,1216.800048828125,1274.1416829427083,1097.9180653889973,1014.0000048828125,789.9283369954427,770.3852526855469,1272.4533747867852,580.5,1443.0,True,True,True,True,True,True,True,False,False,37.581890030425136,noise,51.992351602346055,False,False,False,False,,Aerospace & Defense,Aerospace & Defense,86.83325324363287,True,True,9805.87,431.87,3549244.0,4.4042,39.3,50.0,43.0,62.6,50.0,54.54545454545454,watch — approaching pivot,unknown,1.0,48.8,C
138,EQUITASBNK.NS,2026-07-09,78.16999816894531,76.66249974568684,74.42527813381619,73.04280029296875,66.41386675516765,64.67930007934571,77.17556869084086,50.0,80.13999938964844,True,True,True,True,True,True,True,True,False,22.986149276254842,noise,67.9120909808429,False,True,False,False,,Banks,Other Bank,79.96155694377704,True,True,8941.84,32.61,4171669.0,0.3647,33.2,50.0,50.6,89.1,50.0,31.818181818181817,watch — approaching pivot,unknown,1.0,48.7,C
139,ADFFOODS.NS,2026-07-09,317.54998779296875,309.7583312988281,292.7444432576497,285.5927984619141,230.0547992960612,226.14504707336425,310.4610609848204,153.10000610351562,346.95001220703125,True,True,True,True,True,True,True,True,False,19.675550965296253,noise,43.05892482925121,False,False,False,False,,Food Products,Packaged Foods,78.23161941374339,True,True,3488.72,20.12,633745.0,0.5768,19.2,50.0,22.8,77.1,96.2,43.18181818181818,actionable,unknown,1.0,48.1,C
140,KSB.NS,2026-07-09,932.7000122070312,940.191660563151,867.7041625976562,868.489873046875,806.7505253092448,800.8165487670899,931.8223956903436,663.373535570316,1023.2461180887996,True,True,True,True,True,True,True,True,False,14.354503700626143,noise,32.73083162239981,False,True,False,False,,Industrial Products,"Compressors, Pumps & Diesel Engines",74.43536761172513,True,True,16232.64,23.81,255258.0,0.1467,10.3,50.0,42.5,76.3,100.0,27.27272727272727,actionable,unknown,1.0,48.0,C
141,SOUTHBANK.NS,2026-07-09,44.220001220703125,45.62833340962728,44.687222480773926,43.357000274658205,40.92746673583984,39.55765011787415,45.56028094568777,27.970228553484873,49.900001525878906,True,True,True,True,True,True,True,False,False,47.43555851449619,noise,89.6655912490507,False,True,False,False,,Banks,Private Sector Bank,90.24507448342143,True,True,11577.09,76.34,17262898.0,0.6594,47.2,50.0,39.5,71.2,50.0,31.818181818181817,watch — approaching pivot,unknown,1.0,47.4,C
142,IPCALAB.NS,2026-07-09,1770.4000244140625,1709.0833435058594,1625.0416666666667,1609.3940014648438,1523.9033349609374,1480.0895025634766,1731.1292458749415,1251.5999755859375,1812.5,True,True,True,True,True,True,True,True,False,24.603369616336757,noise,34.81790996429194,False,True,False,False,,Pharmaceuticals & Biotechnology,Pharmaceuticals,81.06679481018742,True,True,44915.8,45.67,257987.0,0.1017,25.8,50.0,26.5,89.4,50.0,61.36363636363637,watch — approaching pivot,unknown,1.0,47.4,C
143,MUTHOOTMF.NS,2026-07-09,210.27999877929688,213.37916819254556,195.8797221713596,194.92100036621093,181.29660013834635,178.5575499725342,211.52557534284557,141.1999969482422,230.89999389648438,True,True,True,True,True,True,True,False,False,36.57205761652107,noise,61.091741227350546,False,False,False,False,,Finance,Microfinance Institutions,86.1604997597309,True,True,3527.8,16.14,767348.0,0.4574,37.7,50.0,33.4,76.1,50.0,47.72727272727273,watch — approaching pivot,unknown,1.0,47.3,C
144,AJANTPHARM.NS,2026-07-09,3307.60009765625,3309.741658528646,3135.6666463216147,3121.6259814453124,2915.4466617838543,2802.6316552734374,3298.6138985477214,2304.0552404050886,3506.89990234375,True,True,True,True,True,True,True,True,False,24.08464433601687,noise,38.47680833713212,False,True,False,False,,Pharmaceuticals & Biotechnology,Pharmaceuticals,80.68236424795772,True,True,41323.71,43.24,130729.0,0.1046,24.9,50.0,27.5,82.6,50.0,61.36363636363637,watch — approaching pivot,unknown,1.0,46.5,C
145,PIXTRANS.NS,2026-07-09,1782.300048828125,1786.1083272298176,1658.5972222222222,1622.387998046875,1493.7666634114582,1483.2609979248048,1767.8516880338552,1220.0999755859375,1930.0,True,True,True,True,True,True,True,True,False,12.066070817003194,noise,22.72605172453491,False,False,False,False,,Industrial Products,Rubber,73.33012974531475,True,True,2428.42,15.41,86450.0,0.6345,7.8,50.0,34.4,78.7,98.6,27.27272727272727,actionable,unknown,1.0,46.1,C
146,MANAPPURAM.NS,2026-07-09,332.45001220703125,326.34583791097003,319.2972234090169,316.1604901123047,295.74170247395836,291.91372634887693,329.72855624607536,244.06989380600746,347.8999938964844,True,True,True,True,True,True,True,True,False,23.522090880743818,noise,54.08241660533434,False,False,False,False,,Finance,Non Banking Financial Company (NBFC),80.20182604517059,True,True,31228.23,126.55,3806634.0,0.4052,23.8,50.0,35.4,85.1,50.0,47.72727272727273,watch — approaching pivot,unknown,1.0,46.0,C
147,GHCLTEXTIL.NS,2026-07-09,107.70999908447266,101.51999855041504,96.96804110209148,94.71537048339843,82.2231221516927,80.96208148956299,103.9913691037051,64.84792129679248,113.19000244140625,True,True,True,True,True,True,True,True,False,16.696112577666455,noise,85.66127914010706,False,True,False,False,,Textiles & Apparels,Other Textile Products,76.21335896203747,True,True,1029.55,6.43,597226.0,0.6248,14.5,50.0,53.8,84.3,50.0,36.36363636363637,watch — approaching pivot,unknown,1.0,45.7,C
148,VISHNU.NS,2026-07-09,601.0999755859375,608.9583435058594,603.915286593967,600.4110046386719,548.1553358968099,534.0667514038086,606.5916011850854,443.70001220703125,652.0,True,True,True,True,True,True,True,False,False,18.576483370625695,noise,42.260126071498675,False,True,False,False,,Chemicals & Petrochemicals,Specialty Chemicals,77.55886592984143,True,True,4046.32,7.88,131087.0,0.1947,17.6,50.0,41.2,78.4,50.0,52.27272727272727,watch — approaching pivot,unknown,1.0,45.7,C
149,ALIVUS.NS,2026-07-09,1142.9000244140625,1135.8499959309895,1079.7972225613064,1080.3210021972657,985.1003352864583,970.2427508544922,1134.4152363547455,819.0,1193.9000244140625,True,True,True,True,True,True,True,True,False,10.436415918039632,noise,52.54010855443864,False,True,False,False,,Pharmaceuticals & Biotechnology,Pharmaceuticals,72.03267659778952,True,True,14027.89,11.82,103410.0,0.0843,4.7,50.0,40.3,85.5,50.0,61.36363636363637,watch — approaching pivot,unknown,1.0,45.2,C
150,ANGELONE.NS,2026-07-09,341.1000061035156,338.61666615804035,339.91111246744794,332.3002020263672,280.1513040161133,271.5130408477783,339.8464221234807,206.75854823075167,360.45001220703125,True,True,True,True,True,True,True,True,False,24.03827917711354,green,107.61420206727202,False,False,False,False,,Capital Markets,Stockbroking & Allied,80.634310427679,True,True,31160.13,314.79,9228689.0,1.0102,30.1,38.8,42.2,83.3,50.0,40.909090909090914,watch — approaching pivot,unknown,1.0,45.0,C
151,TRIVENI.NS,2026-07-09,455.04998779296875,439.8958282470703,402.75555419921875,399.73899841308594,382.71049255371094,375.33519561767577,445.49670436206554,316.27607066481727,474.54998779296875,True,True,True,True,True,True,True,True,False,23.89658581981038,noise,40.82276428516678,False,True,False,False,,Agricultural Food & other Products,Sugar,80.53820278712158,True,True,10027.62,22.45,493363.0,0.2239,34.6,50.0,42.1,85.8,50.0,13.636363636363635,watch — approaching pivot,unknown,1.0,44.3,C
152,PARACABLES.NS,2026-07-09,67.01000213623047,69.72416687011719,66.962222205268,62.63740005493164,44.73420008341471,44.2402000617981,68.81338188383573,28.299999237060547,75.69999694824219,True,True,True,True,True,True,True,False,False,15.078142989895937,noise,33.845028808222594,False,True,False,False,,Industrial Products,Cables - Electricals,74.96395963479097,True,True,2192.62,26.17,3905934.0,1.1937,11.6,50.0,64.2,71.0,50.0,27.27272727272727,watch — approaching pivot,unknown,1.0,44.0,C
153,RAJRATAN.NS,2026-07-09,465.75,451.52083079020184,439.5638902452257,435.9860015869141,434.5566666666667,423.51650009155276,458.74699154779944,305.54998779296875,540.0,True,True,True,True,True,True,True,True,False,10.828804211665588,green,131.60605055112114,False,True,False,False,,Auto Components,Auto Components & Equipments,72.27294569918308,True,True,2364.66,3.89,83531.0,0.1645,5.3,50.0,36.6,66.5,50.0,70.45454545454545,watch — approaching pivot,unknown,1.0,43.7,C
154,KRN.NS,2026-07-09,1211.800048828125,1217.9666646321614,1188.6194458007812,1192.1609985351563,962.2346651204427,928.2889996337891,1219.4458940260506,589.7999877929688,1405.0,True,True,True,True,True,True,True,False,False,29.826442803965737,noise,21.480090595725184,False,False,False,False,,Industrial Products,Other Industrial Products,83.70975492551658,True,True,7932.26,68.19,562699.0,0.8596,32.0,50.0,37.8,66.5,50.0,27.27272727272727,watch — approaching pivot,unknown,1.0,42.8,C
155,VTL.NS,2026-07-09,633.4000244140625,643.1083374023438,628.2569478352865,622.7980041503906,536.486000366211,509.10150024414065,642.1372417913227,379.293213735748,688.0,True,True,True,True,True,True,True,False,False,28.48589674700317,noise,37.187583785668075,False,True,False,False,,Textiles & Apparels,Other Textile Products,82.84478616049977,True,True,18323.11,33.17,523671.0,0.181,30.0,50.0,24.1,78.1,50.0,36.36363636363637,watch — approaching pivot,unknown,1.0,42.7,C
156,WELSPUNLIV.NS,2026-07-09,166.52999877929688,166.49333063761392,152.32860946655273,147.43299896240234,134.23233352661134,132.68055000305176,165.5144997408903,107.0999984741211,173.39999389648438,True,True,True,True,True,True,True,True,False,16.186420604102402,noise,43.71134133224294,False,True,False,False,,Textiles & Apparels,Other Textile Products,75.4925516578568,True,True,15677.88,44.19,2653451.0,0.2818,12.8,50.0,32.0,86.1,50.0,36.36363636363637,watch — approaching pivot,unknown,1.0,41.6,C
157,IKS.NS,2026-07-09,1862.9000244140625,1788.875,1703.3361070421006,1692.11599609375,1597.6586686197916,1591.7714990234374,1815.168913694827,1262.0,1909.0,True,True,True,True,True,True,True,True,False,16.642668141711624,noise,97.19367879150956,False,True,False,False,,IT - Services,IT Enabled Services,76.16530514175876,True,True,31249.86,57.46,308435.0,0.1839,24.4,50.0,42.0,89.2,50.0,4.545454545454546,watch — approaching pivot,unknown,1.0,41.3,C
158,STEELCAS.NS,2026-07-09,305.75,305.4875030517578,293.4638883802626,291.02239990234375,249.30600067138673,241.75027061462401,306.13222902133526,175.6788221569667,344.0,True,True,True,True,True,True,True,False,False,27.149370193579237,noise,22.614686359274,False,True,False,False,,Industrial Products,Castings & Forgings,82.1720326765978,True,True,3094.19,6.13,200545.0,0.1982,28.4,50.0,29.5,71.8,50.0,27.27272727272727,watch — approaching pivot,unknown,1.0,41.2,C
159,ELGIEQUIP.NS,2026-07-09,588.7000122070312,595.6208241780599,594.4277750651041,579.8119970703125,519.6659997558594,512.2019996643066,591.6112102352646,408.25,633.8499755859375,True,True,True,True,True,True,True,False,False,11.078531260245983,noise,29.570413059073665,False,True,False,False,,Industrial Products,"Compressors, Pumps & Diesel Engines",72.46516098029794,True,True,18558.27,31.57,536336.0,0.1701,5.8,50.0,48.5,79.8,50.0,27.27272727272727,watch — approaching pivot,unknown,1.0,41.1,C
160,TEXINFRA.NS,2026-07-09,114.1500015258789,111.6291675567627,103.76277838812933,102.64940063476563,99.18466700236003,98.7552501296997,112.11514296066765,82.5,118.0,True,True,True,True,True,True,True,True,False,10.157928035070029,noise,75.52382375537384,False,False,False,False,,Commercial Services & Supplies,Diversified Commercial Services,71.84046131667468,True,True,1454.57,1.6,140293.0,0.1101,4.3,50.0,35.3,87.5,50.0,38.63636363636363,watch — approaching pivot,unknown,1.0,41.0,C
161,RATNAVEER.NS,2026-07-09,180.25999450683594,179.42249806722006,174.94944339328342,175.61039916992186,158.63066609700522,157.21409980773925,179.06228567815242,130.5,197.0,True,True,True,True,True,True,True,True,False,16.326785426439127,noise,63.28190889880499,False,True,False,False,,Industrial Products,Iron & Steel Products,75.58865929841423,True,True,1287.54,43.82,2430972.0,3.4035,13.0,50.0,40.5,77.0,50.0,27.27272727272727,watch — approaching pivot,unknown,1.0,40.7,C
162,INGERRAND.NS,2026-07-09,4354.5,4446.4416097005205,4312.005547417535,4334.293974609375,3871.500665690104,3862.981130371094,4411.356651162924,3063.300048828125,4756.2001953125,True,True,True,True,True,True,True,False,False,9.742739385765397,noise,31.025184405702667,False,False,False,False,,Industrial Products,"Compressors, Pumps & Diesel Engines",71.50408457472369,True,True,13746.29,11.07,25431.0,0.0806,3.5,50.0,48.5,77.1,50.0,27.27272727272727,watch — approaching pivot,unknown,1.0,40.3,C
163,APCOTEXIND.NS,2026-07-09,506.3999938964844,511.59583536783856,511.1071819729275,498.3613055419922,408.4911265055338,400.5644290161133,510.9057417167048,307.1774227167927,579.0,True,True,True,True,True,True,True,False,False,29.003940930511128,noise,30.96832836936578,False,False,False,False,,Industrial Products,Rubber,83.22921672272946,True,True,2625.43,6.22,122758.0,0.2368,30.9,50.0,22.3,68.9,50.0,27.27272727272727,watch — approaching pivot,unknown,1.0,40.1,C
164,DHANBANK.NS,2026-07-09,33.88999938964844,33.22416671117147,33.270833333333336,32.9026000213623,27.4275333404541,27.13515001296997,33.7080041023172,19.450000762939453,36.849998474121094,True,True,True,True,True,True,True,True,False,11.516946595241407,noise,83.43980363337178,False,True,False,False,,Banks,Private Sector Bank,72.70543008169149,True,True,1337.63,8.69,2563228.0,0.6494,6.3,50.0,37.4,77.9,50.0,31.818181818181817,watch — approaching pivot,unknown,1.0,39.6,D
165,PANAMAPET.NS,2026-07-09,427.0,421.89583079020184,385.8069432576497,360.6061999511719,307.75986653645833,301.81590011596677,423.8890188415876,229.0,512.0499877929688,True,True,True,True,True,True,True,True,False,21.63267754370759,noise,22.914737219800223,False,False,False,False,,Petroleum Products,Lubricants,79.38491110043249,True,True,2583.08,28.52,667946.0,1.1042,21.9,50.0,36.6,60.8,50.0,22.727272727272727,watch — approaching pivot,unknown,1.0,39.2,D
166,SANSTAR.NS,2026-07-09,113.36000061035156,120.00416692097981,116.93888854980469,111.86419952392578,96.03499974568685,95.56624980926513,117.47145207433724,74.30000305175781,137.49000549316406,True,True,True,True,True,True,True,False,False,15.567341056737693,noise,28.357944784406868,False,True,False,False,,Agricultural Food & other Products,Other Agricultural Products,75.20422873618453,True,True,2270.24,12.06,1063542.0,0.5311,12.1,50.0,53.8,58.9,50.0,13.636363636363635,watch — approaching pivot,unknown,1.0,38.7,D
167,AEROENTER.NS,2026-07-09,119.87999725341797,132.43916702270508,115.7972223493788,111.62539993286133,90.86039983113606,89.62184978485108,127.2416325146105,62.20000076293945,149.5500030517578,True,True,True,True,True,True,True,False,False,20.791685475211462,noise,55.44703851922821,False,True,False,False,,Industrial Products,Iron & Steel Products,78.85631907736665,True,True,1356.61,12.65,1055362.0,0.9326,20.7,50.0,32.4,54.3,50.0,27.27272727272727,watch — approaching pivot,unknown,1.0,38.1,D
168,ANTELOPUS.NS,2026-07-09,794.4500122070312,805.8999989827474,805.080552842882,780.7979943847656,606.201997680664,585.0497491455078,805.1139249266345,357.0,933.6500244140625,True,True,True,True,True,True,True,False,False,14.97105820651683,red,102.8167117164433,False,False,False,False,,Oil,Oil Exploration & Production,74.77174435367611,True,True,2793.47,12.86,161901.0,0.4604,11.1,50.0,53.8,64.2,50.0,2.272727272727273,watch — approaching pivot,unknown,1.0,37.4,D
169,GRINDWELL.NS,2026-07-09,2020.699951171875,2122.3500061035156,2015.6944512261284,1939.5780078125,1688.1453369140625,1670.2205029296874,2078.4779161417036,1329.0,2294.39990234375,True,True,True,True,True,True,True,False,False,17.01824411846957,noise,50.27144559713739,False,True,False,False,,Industrial Products,Abrasives & Bearings,76.35752042287362,True,True,22373.19,21.57,106735.0,0.0964,14.8,50.0,24.3,70.1,50.0,27.27272727272727,watch — approaching pivot,unknown,1.0,37.3,D
170,MAHLOG.NS,2026-07-09,388.95001220703125,381.22916412353516,360.27916632758246,366.14100036621096,361.66566772460936,357.41875076293945,383.23914760283753,275.04998779296875,450.0,True,True,True,True,True,True,True,True,False,10.101195440356792,noise,88.03064993387822,False,True,False,False,,Transport Services,Logistics Solution Provider,71.74435367611726,True,True,3859.26,8.88,228181.0,0.23,4.1,50.0,30.7,66.9,50.0,29.545454545454547,watch — approaching pivot,unknown,1.0,36.3,D
171,ASHIANA.NS,2026-07-09,373.79998779296875,384.2916615804036,374.5791659884983,370.06400024414063,327.1896445719401,318.527744140625,380.62052993647103,268.63644581896057,406.0,True,True,True,True,True,True,True,False,False,11.7437065309979,noise,42.13559909799121,False,True,False,False,,Realty,"Residential, Commercial Projects",72.89764536280634,True,True,3757.62,3.29,88097.0,0.0876,6.8,50.0,34.7,78.1,50.0,11.363636363636363,watch — approaching pivot,unknown,1.0,36.2,D
172,CARBORUNIV.NS,2026-07-09,1089.800048828125,1140.441670735677,1094.9819471571182,1075.9730017089844,916.4434452311198,912.907568359375,1124.4094603643812,735.2000122070312,1306.9000244140625,True,True,True,True,True,True,True,False,False,9.642773498642487,noise,88.5400956941602,False,True,False,False,,Industrial Products,Abrasives & Bearings,71.40797693416626,True,True,20759.98,34.14,313299.0,0.1645,3.3,50.0,31.0,60.8,50.0,27.27272727272727,watch — approaching pivot,unknown,1.0,35.1,D
173,AURUM.NS,2026-07-09,220.6999969482422,222.4099998474121,199.19249979654947,193.04340026855468,182.6646664428711,179.2453498840332,221.0324953626927,151.89999389648438,237.0,True,True,True,True,True,True,True,False,False,13.109882365306301,noise,74.80211559643064,False,True,False,False,,IT - Services,IT Enabled Services,73.71456030754445,True,True,1682.74,3.34,151496.0,0.1987,8.7,50.0,30.4,80.2,50.0,4.545454545454546,watch — approaching pivot,unknown,1.0,35.0,D
