symbol,close,MA12,MA36,MA50,MA150,MA200,EMA10,52w_low,52w_high,cond1_price_above_150_200,cond2_ma150_above_ma200,cond3_ma200_trending_up_1m,cond4_ma50_above_150_200,cond5_price_above_ma50,cond6_30pct_above_52w_low,cond7_within_25pct_52w_high,cond9_price_above_ema10,fresh_ma12_cross_today,12m_return_pct,volume_signal,relative_volume,bull_snort,industry_group,industry,rs_percentile,cond8_rs_at_least_70,all_conditions_met,total_market_cap_cr,traded_value_cr,traded_volume,traded_val_pct_mc
STLTECH.NS,486.3500061035156,423.2833302815755,324.24860933091907,285.0913989257813,174.42759938557944,161.17199935913087,428.599912715408,67.69999694824219,486.3500061035156,True,True,True,True,True,True,True,True,False,610.622426584359,dry,6.081145388754005,False,Telecom -  Equipment & Accessories,Telecom -  Equipment & Accessories,100.0,True,True,23742.03,362.52,7453962,1.5269
CUPID.NS,127.83999633789062,121.98166720072429,113.4280554453532,104.39880004882812,85.25986676534016,73.74401006698608,122.53725868367052,17.68000030517578,133.9199981689453,True,True,True,True,True,True,True,True,False,544.6147217456202,noise,69.29059856988327,False,Personal Products,Personal Care,99.95056846267919,True,True,17190.14,249.92,19549527,1.4539
MTARTECH.NS,7878.0,7298.625,5927.775010850694,5253.186010742187,3598.4566634114585,3114.8489965820313,7472.961384108883,1390.5,8449.5,True,True,True,True,True,True,True,True,False,373.6367323232168,noise,99.05009587446266,False,Aerospace & Defense,Aerospace & Defense,99.85170538803757,True,True,24232.41,818.97,1039570,3.3797
VMARCIND.NS,1154.300048828125,1112.7291666666667,945.165279812283,863.8230017089844,726.2106677246094,659.4217510986329,1102.5925828565678,271.3500061035156,1260.0,True,True,True,True,True,True,True,True,False,264.247419078581,green,176.81289167412712,False,Industrial Products,Cables - Electricals,99.6045477014335,True,True,441.28,0.78,43120,0.1766
VENUSREM.NS,1161.050048828125,1007.6375122070312,988.4277818467882,956.51400390625,772.7036673990885,696.5180003356934,1050.5542468832373,331.5,1192.949951171875,True,True,True,True,True,True,True,True,False,247.8801644428839,ppv,373.54374583374107,False,Pharmaceuticals & Biotechnology,Pharmaceuticals,99.5551161641127,True,True,1553.8,6.62,57058,0.4264
MAHASTEEL.NS,906.2999877929688,832.8708343505859,868.3152804904514,893.6330029296874,806.1876680501302,702.8205012512207,844.404036399606,261.1000061035156,1050.0,True,True,True,True,True,True,True,True,False,238.17163723618236,ppv,141.18860945188075,False,Industrial Products,Iron & Steel Products,99.45625308947108,True,True,1489.45,0.64,7039,0.0428
HOACFOODS.NS,552.9500122070312,497.18333689371747,449.0236129760742,422.5850018310547,358.7026674397786,324.2645004272461,504.3480863938202,149.64999389648438,558.9000244140625,True,True,True,True,True,True,True,True,False,235.12121951941288,noise,51.244509516837475,False,Food Products,Other Food Products,99.40682155215028,True,True,56.3,0.07,4739,0.1233
BAJAJCON.NS,554.7999877929688,541.7708333333334,482.0277786254883,445.3960009765625,349.4709342447917,321.2101504516602,543.5544747003403,168.25,581.0,True,True,True,True,True,True,True,True,False,224.38752952860753,noise,27.89853651986935,False,Personal Products,Personal Care,99.30795847750865,True,True,7246.7,76.48,1378463,1.0553
BLISSGVS.NS,381.04998779296875,295.5791600545247,273.81055492824976,256.75339874267576,201.82747263590494,191.04252281188965,308.33978296864194,117.7448072129227,381.04998779296875,True,True,True,True,True,True,True,True,False,203.6356774375852,ppv,697.8924937177517,True,Pharmaceuticals & Biotechnology,Pharmaceuticals,99.20909540286704,True,True,4031.09,73.65,1932924,1.8272
ATHERENERG.NS,950.5999755859375,924.8458302815756,898.29027472602,856.8459973144531,741.0779988606771,683.9547491455078,919.32126933834,301.0,989.4000244140625,True,True,True,True,True,True,True,True,False,203.56059208488125,ppv,189.20889309220166,False,Automobiles,2/3 Wheelers,99.15966386554622,True,True,36406.32,403.13,4240847,1.1073
UCL.NS,155.75,145.72499974568686,121.03194448682997,107.57199981689453,70.56366673787434,64.25475021362304,147.77518081227686,38.0,155.75,True,True,True,True,True,True,True,True,False,199.51923076923075,dry,0.0,False,Chemicals & Petrochemicals,Dyes And Pigments,99.06080079090461,True,True,67.03,0.18,30172,0.2685
MIRCELECTR.NS,42.970001220703125,41.69250011444092,35.7350000805325,32.794399948120116,29.733799947102863,28.80109996318817,40.52829008274365,13.100000381469727,49.22999954223633,True,True,True,True,True,True,True,True,False,196.34483600484916,noise,51.298677733510175,False,Consumer Durables,Consumer Electronics,99.0113692535838,True,True,1587.28,10.88,2532469,0.6856
ROSSTECH.NS,1015.4500122070312,913.2625020345052,918.9472266303169,855.5540026855468,735.6206685384115,722.4799383544922,946.625800588662,351.15352630615234,1080.0,True,True,True,True,True,True,True,True,False,188.8054958185857,red,157.43290131801356,False,Aerospace & Defense,Aerospace & Defense,98.91250617894217,True,True,3842.49,12.85,126510,0.3343
TDPOWERSYS.NS,1367.199951171875,1258.2000020345051,1120.0347188313801,1041.0249963378906,846.3126534016927,771.731224975586,1279.5917423139608,451.94684966011926,1375.0,True,True,True,True,True,True,True,True,False,183.22932863564682,noise,71.70521483032452,False,Electrical Equipment,Heavy Electrical Equipment,98.86307464162135,True,True,21359.55,183.44,1341726,0.8588
KMEW.NS,2147.60009765625,2055.958323160807,1896.433322482639,1796.5859887695312,1644.98232421875,1487.7254931640625,2068.4906385013956,732.7000122070312,2285.39990234375,True,True,True,True,True,True,True,True,False,182.95126451333994,green,101.74242512851193,False,Engineering Services,Dredging,98.81364310430054,True,True,5249.62,28.38,132168,0.5407
GAYAPROJ.NS,18.520000457763672,17.87416664759318,18.02250001165602,16.800399951934814,13.495599924723308,12.522949929237365,17.733173303551485,6.349999904632568,20.700000762939453,True,True,True,True,True,True,True,True,False,176.8310956556001,noise,66.10078326126607,False,Construction,Civil Construction,98.71478002965893,True,True,859.88,0.69,370202,0.0797
GVT&D.NS,4848.2998046875,4542.1416015625,4371.558315700955,4178.495981445312,3491.8919921875,3338.8244921875,4658.650498502997,1801.798722201456,4962.39990234375,True,True,True,True,True,True,True,True,False,162.11121459011753,noise,64.7828505129976,False,Electrical Equipment,Heavy Electrical Equipment,98.31932773109243,True,True,124139.04,350.51,722962,0.2824
MCX.NS,3307.300048828125,3308.1499633789062,2989.8722127278647,2846.6899951171877,2402.3993286132813,2202.2562158203127,3290.014251235,1245.6426469050639,3480.0,True,True,True,True,True,True,True,True,False,160.59115697948428,noise,58.25761694255639,False,Capital Markets,Exchange and Data Platform,98.26989619377161,True,True,84175.45,1109.94,3356039,1.3186
SHEETAL.NS,296.45001220703125,283.3250020345052,262.1555561489529,253.68000061035156,202.69233357747396,184.6646730041504,285.3868599159932,109.57594492121324,335.0,True,True,True,True,True,True,True,True,False,160.13746422266783,dry,16.233766233766232,False,Agricultural Food & other Products,Other Agricultural Products,98.22046465645082,True,True,67.53,0.05,8568,0.0748
SBC.NS,38.58000183105469,35.62666734059652,33.985000398423935,33.21220027923584,29.74040003458659,27.418000011444093,36.5655782940613,14.210000038146973,39.59000015258789,True,True,True,True,True,True,True,True,False,159.27420385980452,red,110.95015315948082,False,Textiles & Apparels,Garments & Apparels,98.17103311913,True,True,1837.14,45.11,11693399,2.4556
PRECWIRE.NS,457.04998779296875,400.4833297729492,386.0347205268012,362.0159979248047,287.645712890625,261.5682668304443,414.0261535246236,168.08525400328446,467.5,True,True,True,True,True,True,True,True,False,154.74203281285094,green,128.4239010394332,False,Industrial Products,"Aluminium, Copper & Zinc Products",98.07217004448839,True,True,8355.24,45.3,991104,0.5422
SAKAR.NS,786.4000244140625,707.2250010172526,635.4847225613064,604.1780004882812,478.8506663004557,444.7905000305176,742.0081059008213,306.0,837.75,True,True,True,True,True,True,True,True,False,154.70446134868422,noise,64.70245730101936,False,Pharmaceuticals & Biotechnology,Pharmaceuticals,98.02273850716757,True,True,1726.14,13.13,166999,0.7608
KESORAMIND.NS,12.9399995803833,12.636666615804037,11.214444504843819,10.358600034713746,8.93826665878296,8.053199989795685,12.528183907237917,4.550000190734863,14.260000228881836,True,True,True,True,True,True,True,True,False,150.77519308209065,noise,32.04698958660448,False,Cement & Cement Products,Cement & Cement Products,97.92387543252595,True,True,402.0,2.64,2039966,0.6566
AEROFLEX.NS,403.20001220703125,383.57916768391925,330.76749971177844,305.9866000366211,228.06920033772786,215.99765029907226,388.1644787646863,158.0,458.70001220703125,True,True,True,True,True,True,True,True,False,142.45713778696808,noise,40.97646711122857,False,Industrial Products,Iron & Steel Products,97.82501235788433,True,True,5335.58,128.83,3195112,2.4145
IMFA.NS,1475.5,1460.3416646321614,1469.427781846788,1400.9419995117187,1323.25298828125,1236.9059750366212,1461.7302344301543,604.8040857783691,1679.9000244140625,True,True,True,True,True,True,True,True,False,141.21991585149422,noise,98.66182732472446,False,Ferrous Metals,Ferro & Silica Manganese,97.72614928324272,True,True,7960.93,28.58,193729,0.3591
MCLEODRUSS.NS,75.37999725341797,66.1150000890096,56.001944330003525,49.95039985656738,49.25913324991862,46.79664987564087,69.05924356803031,28.5,75.37999725341797,True,True,True,True,True,True,True,True,False,138.46882568149246,noise,30.088120985873047,False,Agricultural Food & other Products,Tea & Coffee,97.62728620860108,True,True,787.39,5.11,678408,0.6495
NATIONALUM.NS,416.20001220703125,404.3375015258789,413.2296837700738,403.53928466796873,337.8348697916667,302.45490432739257,406.913102425513,168.71956225754178,442.9435720664075,True,True,True,True,True,True,True,True,False,135.1977181856099,noise,64.27994615076527,False,Non - Ferrous Metals,Aluminium,97.57785467128028,True,True,76440.62,529.89,12731714,0.6932
MWL.NS,377.54998779296875,362.3166681925456,318.8708335028754,303.3159991455078,273.50886606852214,257.4687496948242,365.27056922422537,149.82052979225023,381.79998779296875,True,True,True,True,True,True,True,True,False,134.78402542407864,green,125.66412592458957,False,Metals & Minerals Trading,Trading - Metals,97.52842313395946,True,True,1121.35,3.34,88480,0.2979
SANSERA.NS,2879.800048828125,2567.1833292643228,2472.4222412109375,2370.360009765625,1985.0366634114582,1830.492469482422,2679.494870596379,1213.621511341324,2950.0,True,True,True,True,True,True,True,True,False,134.68497272673736,noise,63.47274756460347,False,Auto Components,Auto Components & Equipments,97.47899159663865,True,True,17950.38,79.2,275030,0.4412
LAURUSLABS.NS,1373.9000244140625,1326.0333455403645,1188.4394226074219,1134.5167749023437,1054.7281660970052,1008.904030456543,1328.7411547276724,583.4372683345716,1376.9000244140625,True,True,True,True,True,True,True,True,False,133.0318340844847,noise,84.45147450408987,False,Pharmaceuticals & Biotechnology,Pharmaceuticals,97.42956005931785,True,True,74188.77,276.97,2015969,0.3733
NORBTEAEXP.NS,83.87000274658203,81.5075003306071,76.57194476657443,80.09240020751953,78.4091333770752,69.83595001220704,81.29109511961593,30.5,99.3499984741211,True,True,True,True,True,True,True,True,False,128.84037995840364,noise,22.2610527323647,False,Agricultural Food & other Products,Tea & Coffee,97.33069698467622,True,True,130.37,0.05,6063,0.039
SENORES.NS,1155.1500244140625,1055.691665649414,937.0611114501953,885.2839978027343,824.0933345540365,793.3935009765624,1082.7401570743343,500.0,1194.4000244140625,True,True,True,True,True,True,True,True,False,125.30719658879318,noise,59.06703531701729,False,Pharmaceuticals & Biotechnology,Pharmaceuticals,97.28126544735541,True,True,5319.88,41.77,361601,0.7852
ABSMARINE.NS,290.25,246.63750076293945,223.32499991522894,206.03300048828126,198.40566650390625,196.80324966430663,257.01923532529776,124.94999694824219,315.5,True,True,True,True,True,True,True,True,False,123.26923076923077,red,275.69314154680006,False,Transport Services,Shipping,97.1824023727138,True,True,807.7,2.9,88129,0.359
WELINV.NS,1903.199951171875,1786.3250020345051,1539.7305569118923,1466.66,1333.2146622721355,1251.4419976806641,1810.0905578845527,800.25,1978.699951171875,True,True,True,True,True,True,True,True,False,121.4697160925851,noise,85.78183046268153,False,Finance,Investment Company,97.13297083539298,True,True,697.82,0.15,811,0.0221
DEEDEV.NS,539.75,499.5166651407878,430.1499998304579,388.9649996948242,282.12213317871095,280.99984954833985,504.63570337505973,183.0,573.2999877929688,True,True,True,True,True,True,True,True,False,121.33601191219232,noise,25.523156821411042,False,Industrial Manufacturing,Industrial Products,97.08353929807217,True,True,3738.49,131.2,2430776,3.5095
NDLVENTURE.NS,130.82000732421875,124.13666661580403,122.75888888041179,120.72040008544921,102.74420013427735,97.96653001785279,126.36580770735692,58.66942737377918,140.0,True,True,True,True,True,True,True,True,False,120.99296842195346,noise,48.944821271209065,False,Finance,Other Financial Services,97.03410776075137,True,True,440.49,0.7,53680,0.1594
ADANIPOWER.NS,244.52999877929688,222.21166865030924,209.99722290039062,193.89800048828124,162.40786702473957,154.8233000946045,226.28318707085538,105.41999816894531,245.6999969482422,True,True,True,True,True,True,True,True,False,120.81452365577388,ppv,177.68352288670584,False,Power,Integrated Power Utilities,96.98467622343054,True,True,471568.64,1099.45,44961818,0.2331
NGLFINE.NS,2819.800048828125,2426.7083333333335,2350.177775065104,2297.1819970703127,1866.0486637369793,1752.3062707519532,2558.489259557657,978.5933435058594,3005.0,True,True,True,True,True,True,True,True,False,119.77220938515293,red,252.36454040385618,False,Pharmaceuticals & Biotechnology,Pharmaceuticals,96.93524468610974,True,True,1742.08,3.31,11755,0.1903
BBOX.NS,978.25,905.0208333333334,689.3736114501953,633.1260009765625,564.71,547.6808082580567,916.8060723356625,435.04998779296875,1037.3499755859375,True,True,True,True,True,True,True,True,False,116.59165252465628,ppv,230.73302236603527,False,IT - Services,IT Enabled Services,96.7869500741473,True,True,17363.47,93.46,955337,0.5382
WHEELS.NS,1600.5,1503.2250061035156,1239.3875037299263,1169.050001220703,962.9845345052083,919.7318267822266,1545.9914515825735,701.4852759742325,1744.0,True,True,True,True,True,True,True,True,False,114.93867967908943,noise,40.99029068634511,False,Auto Components,Auto Components & Equipments,96.7375185368265,True,True,3910.5,35.06,219071,0.8966
NARMADA.NS,36.95000076293945,36.27416674296061,35.1105555428399,34.20680004119873,28.7717333984375,27.361050052642824,36.35171324252709,15.600000381469727,38.900001525878906,True,True,True,True,True,True,True,True,False,113.83101443679631,noise,80.805409130479,False,Food Products,Animal Feed,96.68808699950569,True,True,140.17,1.12,301777,0.7955
APEX.NS,457.75,455.9541651407878,454.15694342719183,428.9609991455078,345.8043333943685,316.623747177124,455.1749632986883,207.060547463678,514.5,True,True,True,True,True,True,True,True,False,112.10827998591841,noise,25.727061063451956,False,Food Products,Seafood,96.58922392486406,True,True,1430.47,38.97,851232,2.7239
POWERINDIA.NS,35995.0,33931.25,31714.027777777777,29771.5,23404.706666666665,22379.16908203125,34733.04187882566,16111.0,36750.0,True,True,True,True,True,True,True,True,False,107.88359608715763,ppv,347.3146995049152,True,Electrical Equipment,Heavy Electrical Equipment,96.44092931290163,True,True,160438.22,499.66,138815,0.3114
SCHNEIDER.NS,1376.800048828125,1296.9083353678386,1183.6875,1100.2169982910157,878.0350012207032,877.0465008544921,1312.7920777010545,571.8499755859375,1412.0,True,True,True,True,True,True,True,True,False,105.66136734976138,ppv,203.6686606129972,False,Electrical Equipment,Heavy Electrical Equipment,96.39149777558083,True,True,32919.84,22.92,166446,0.0696
KIRLOSENG.NS,1750.800048828125,1665.0166625976562,1632.808332655165,1565.6380004882812,1306.6093029785156,1207.389754333496,1688.8162172597235,820.558352844598,1775.0,True,True,True,True,True,True,True,True,False,104.92755872007953,green,118.50516947175474,False,Industrial Products,"Compressors, Pumps & Diesel Engines",96.34206623826,True,True,25453.12,72.99,416918,0.2868
GMDCLTD.NS,693.1500244140625,654.7791595458984,671.0291595458984,640.253994140625,586.8419974772136,566.1732925415039,663.0977698224033,333.7301463093128,771.9000244140625,True,True,True,True,True,True,True,True,False,103.56655585130814,ppv,162.57980431841787,False,Minerals & Mining,Industrial Minerals,96.24320316361839,True,True,22042.17,346.1,4993120,1.5702
THANGAMAYL.NS,3805.199951171875,3735.800008138021,3936.441657172309,3798.593994140625,3450.4426708984374,3109.8885052490236,3791.3178289013676,1750.0999755859375,4373.0,True,True,True,True,True,True,True,True,False,103.44830016800759,noise,30.15540984016071,False,Consumer Durables,"Gems, Jewellery And Watches",96.19377162629758,True,True,11827.33,49.55,130208,0.4189
UNIVCABLES.NS,1179.050048828125,1041.3583323160808,918.080554538303,840.852998046875,806.3249975585937,785.0562509155274,1059.6877576918268,564.8529936386731,1239.0,True,True,True,True,True,True,True,True,False,101.13987435080713,ppv,267.6492448580197,False,Industrial Products,Cables - Electricals,96.14434008897676,True,True,4090.76,25.0,212012,0.6111
ATALREAL.NS,29.979999542236328,28.8224999109904,26.8277776506212,25.598399925231934,25.245066630045574,23.94504997253418,28.957359121620158,14.640000343322754,31.850000381469727,True,True,True,True,True,True,True,True,False,98.80636401799434,red,247.32555524001154,False,Realty,"Residential, Commercial Projects",96.09490855165596,True,True,371.44,12.46,4155648,3.3541
ANANDRATHI.NS,3587.199951171875,3570.1856892903647,3557.3095092773438,3410.033720703125,3154.3045930989583,3077.2375256347655,3581.2307858755976,1802.9633100976575,3727.6871364861736,True,True,True,True,True,True,True,True,False,98.31488968736109,noise,86.38777142009732,False,Capital Markets,Financial Products Distributor,96.04547701433515,True,True,29781.16,91.87,256093,0.3085
MBAPL.NS,548.4500122070312,538.9416554768881,536.0972171359592,514.0539965820312,453.78166625976564,446.11953079223633,541.2142112928893,275.2818754499525,585.0,True,True,True,True,True,True,True,True,False,96.76898576700457,noise,71.89239471546401,False,Fertilizers & Agrochemicals,Fertilizers,95.8477508650519,True,True,4805.9,16.4,299095,0.3413
SYRMA.NS,1057.300048828125,1033.4624989827473,982.1486087375217,923.8319982910157,829.2676668294271,817.6057141113281,1033.3840687450768,499.0761959610563,1188.0,True,True,True,True,True,True,True,True,False,96.57738368803453,noise,46.3850944784297,False,Industrial Manufacturing,Industrial Products,95.7983193277311,True,True,20366.24,162.32,1535186,0.797
UNIPARTS.NS,607.3499755859375,550.8791656494141,528.8263880411783,507.7750006103516,484.23185546875,459.25567749023435,558.723741489904,305.3782881479897,654.0,True,True,True,True,True,True,True,True,False,94.69558045257406,ppv,2172.8805509380195,False,Auto Components,Auto Components & Equipments,95.69945625308948,True,True,2739.22,5.64,92922,0.206
RISHABH.NS,530.0499877929688,506.0291697184245,481.38194529215497,454.17200073242185,417.05766642252604,411.0699995422363,516.043152788711,270.20001220703125,566.0,True,True,True,True,True,True,True,True,False,93.2725570803897,red,172.418837397411,False,Electrical Equipment,Other Electrical Equipment,95.60059317844785,True,True,2047.24,9.04,170546,0.4416
HFCL.NS,161.8000030517578,148.41500091552734,118.13888952467177,104.93460052490235,81.464467086792,79.43958181381225,148.63662051916214,59.81999969482422,168.24000549316406,True,True,True,True,True,True,True,True,False,91.75384634302874,red,132.18340581813672,False,Telecom - Services,Telecom - Infrastructure,95.50173010380622,True,True,24759.67,797.17,49268616,3.2196
HARDWYN.NS,25.68000030517578,24.551666736602783,24.118611123826767,22.670600051879884,18.57133335749308,17.296100006103515,25.115744042659866,10.869999885559082,27.790000915527344,True,True,True,True,True,True,True,True,False,91.21369859745259,green,119.9424209504104,False,Consumer Durables,"Furniture, Home Furnishing",95.45229856648541,True,True,1254.3,7.56,2943714,0.6027
BSE.NS,4403.2998046875,4108.516662597656,3701.1861165364585,3460.320009765625,2975.9220068359373,2800.9065014648436,4165.400855146144,2021.5,4425.0,True,True,True,True,True,True,True,True,False,88.80724581015235,noise,87.47612596492087,False,Capital Markets,Exchange and Data Platform,95.30400395452298,True,True,178830.81,1920.81,4362203,1.0741
AIMTRON.NS,1143.449951171875,1105.7791544596355,1025.1208275689019,958.0729968261719,872.2563305664063,829.2212478637696,1107.7338715250444,537.0,1239.9000244140625,True,True,True,True,True,True,True,True,False,88.70367656353795,noise,60.45374269800299,False,Industrial Manufacturing,Industrial Products,95.25457241720218,True,True,1113.17,3.01,55275,0.2708
SEAMECLTD.NS,1595.199951171875,1550.4249979654949,1541.7250027126736,1493.8300024414064,1210.537665608724,1130.9219985961913,1576.3258967042907,752.5499877929688,1709.199951171875,True,True,True,True,True,True,True,True,False,86.61674940948056,noise,68.59844165239103,False,Transport Services,Shipping,95.20514087988137,True,True,4070.0,15.57,97619,0.3826
SJS.NS,2038.4000244140625,1965.4916585286458,1817.8916625976562,1755.52599609375,1718.7786661783855,1633.6749993896485,1971.7081006138926,1063.0001556549378,2049.800048828125,True,True,True,True,True,True,True,True,False,86.31880242337793,noise,66.2708944076957,False,Auto Components,Auto Components & Equipments,95.10627780523974,True,True,6522.22,25.77,126414,0.3951
GESHIP.NS,1650.699951171875,1608.1369120279949,1504.4775254991318,1479.7574536132813,1255.9757767740884,1184.8657662963867,1632.2245036384018,879.4493582947841,1785.7401180778952,True,True,True,True,True,True,True,True,False,86.2251442216986,noise,46.93309536470602,False,Transport Services,Shipping,95.05684626791894,True,True,23566.57,208.42,1262611,0.8844
CUMMINSIND.NS,5418.5,5322.083333333333,5198.483303493924,5036.73599609375,4582.662879231771,4408.368631591797,5353.077206569043,2875.2792251600035,5470.5,True,True,True,True,True,True,True,True,False,84.53349829303293,noise,45.084480690347675,False,Industrial Products,"Compressors, Pumps & Diesel Engines",94.9085516559565,True,True,150200.82,368.23,679574,0.2452
UNIVPHOTO.NS,437.8500061035156,439.42083740234375,430.4638917711046,436.3060028076172,322.8358676147461,306.69515098571776,436.74249583035044,180.60000610351562,515.7999877929688,True,True,True,True,True,True,True,True,False,83.97059079979647,ppv,0.5544211596683658,False,Consumer Durables,Consumer Electronics,94.85912011863569,True,True,479.3,1.11,25393,0.232
PARIN.NS,673.8499755859375,656.6124979654948,639.861107720269,640.1839965820312,618.9280013020833,580.1689999389648,661.304322151914,311.6499938964844,725.0,True,True,True,True,True,True,True,True,False,82.81333815189822,green,271.2836347595942,False,Consumer Durables,"Furniture, Home Furnishing",94.80968858131487,True,True,257.33,0.46,19969,0.1796
NAVINFLUOR.NS,7396.0,7078.125,6677.819444444444,6528.04,6137.76142578125,5804.148645019532,7149.590507080605,4214.424568188132,7525.0,True,True,True,True,True,True,True,True,False,73.72446147395155,noise,87.69503310861792,False,Chemicals & Petrochemicals,Specialty Chemicals,94.11764705882352,True,True,37931.1,168.81,228248,0.445
WELCORP.NS,1319.0,1316.4666646321614,1192.683329264323,1086.50099609375,910.2453328450521,900.1119995117188,1304.205633945017,710.0,1377.4000244140625,True,True,True,True,True,True,True,True,False,72.95273400704122,noise,55.783654236777394,False,Industrial Products,Iron & Steel Products,94.01878398418191,True,True,34782.55,113.47,860241,0.3262
HINDALCO.NS,1103.800048828125,1075.6333414713542,1041.02222527398,1001.0860034179688,919.3340026855469,872.3977798461914,1084.4910939355561,613.5008869488823,1119.800048828125,True,True,True,True,True,True,True,True,False,71.17925175702217,noise,97.40323547456521,False,Non - Ferrous Metals,Aluminium,93.82105783489867,True,True,246826.6,682.26,6180993,0.2764
KINGFA.NS,5528.10009765625,5249.375,4865.6555582682295,4654.91599609375,4402.559344075521,4354.930010986328,5246.773941108164,3006.0,5553.0,True,True,True,True,True,True,True,True,False,69.48004215164399,ppv,308.2513478596069,True,Industrial Products,Plastic Products - Industrial,93.77162629757785,True,True,7491.34,3.81,6898,0.0509
BHEL.NS,417.75,405.58333079020184,354.68444527520074,327.0438006591797,288.088200378418,273.07405014038085,406.3867324717215,205.1199951171875,420.95001220703125,True,True,True,True,True,True,True,True,False,69.09472743841134,noise,52.077414910196765,False,Electrical Equipment,Heavy Electrical Equipment,93.67276322293623,True,True,145463.2,705.99,16899794,0.4853
AVALON.NS,1461.300048828125,1380.1416625976562,1185.8652767605251,1113.2569995117187,1019.6056689453125,1005.7240014648437,1405.1901116267693,777.2999877929688,1558.5999755859375,True,True,True,True,True,True,True,True,False,68.63424723482319,red,188.0734232598852,False,Electrical Equipment,Other Electrical Equipment,93.57390014829461,True,True,9759.69,63.51,434630,0.6508
ADANIENSOL.NS,1463.300048828125,1345.6000061035156,1290.5236172146267,1204.9730041503906,1054.3530004882812,998.8685012817383,1373.0706736828715,744.9000244140625,1489.0,True,True,True,True,True,True,True,True,False,68.24375381754815,green,182.58425835424563,False,Power,Power Distribution,93.42560553633218,True,True,175783.69,437.8,2991888,0.2491
MAGSON.NS,185.0,179.83333333333334,178.08750025431314,167.40200012207032,137.73599975585938,132.16549964904786,181.13433946439596,100.5,199.5,True,True,True,True,True,True,True,True,False,66.44174310418403,ppv,33.47280334728033,False,Food Products,Packaged Foods,93.27731092436974,True,True,73.0,0.21,22706,0.2892
RBLBANK.NS,344.25,332.68750254313153,327.1777793036567,318.7060009765625,313.68300048828127,302.43894264221194,335.1282913236739,203.16122381938294,349.8999938964844,True,True,True,True,True,True,True,True,False,66.19453114848004,noise,56.48796108545716,False,Banks,Private Sector Bank,93.17844784972813,True,True,21298.76,183.91,5342366,0.8635
CRAFTSMAN.NS,8667.5,8604.375,7934.152777777777,7650.49,7394.003333333333,7238.1375,8566.321202136787,5095.705042553002,9738.0,True,True,True,True,True,True,True,True,False,65.20606690481625,dry,18.730161989886035,False,Auto Components,Auto Components & Equipments,92.98072170044487,True,True,20676.83,101.06,116600,0.4888
GLENMARK.NS,2351.39990234375,2334.4833374023438,2303.050008138021,2259.4080029296874,2066.596668294271,2049.6474645996095,2342.704376515555,1366.6478144531218,2474.0,True,True,True,True,True,True,True,True,False,64.67566934251788,noise,68.59763957275547,False,Pharmaceuticals & Biotechnology,Pharmaceuticals,92.83242708848245,True,True,66356.7,162.29,690175,0.2446
KERNEX.NS,1486.4000244140625,1401.7583312988281,1304.776387532552,1203.2009997558594,1192.7250016276041,1169.9987506103516,1408.3771937996953,850.0,1626.0,True,True,True,True,True,True,True,True,False,64.52487734024675,noise,82.73073412365535,False,Transport Services,Transport Related Services,92.78299555116163,True,True,2497.51,29.34,197383,1.1747
SAIL.NS,203.83999633789062,195.02666600545248,182.51222229003906,173.68080017089844,154.02560002644856,147.4718215560913,196.97432842007257,116.63813628480024,209.6999969482422,True,True,True,True,True,True,True,True,False,64.1440932349343,green,123.87509916360358,False,Ferrous Metals,Iron & Steel,92.68413247652002,True,True,84196.63,548.24,26895455,0.6511
SOUTHWEST.NS,253.27999877929688,241.72333272298178,237.2608324686686,227.67039916992186,199.858399810791,184.0680498123169,245.88887250097724,121.0,273.239990234375,True,True,True,True,True,True,True,True,False,64.02020579108701,green,104.3505230269278,False,Commercial Services & Supplies,Diversified Commercial Services,92.6347009391992,True,True,755.53,9.16,361838,1.213
POLYCAB.NS,9613.5,9193.833333333334,8417.25,8048.13,7734.466666666666,7615.2475,9223.412816024666,5727.946687671006,9669.5,True,True,True,True,True,True,True,True,False,62.53020955749664,noise,88.18622239510132,False,Industrial Products,Cables - Electricals,92.38754325259517,True,True,144731.73,493.32,513150,0.3408
GRMOVER.NS,163.83999633789062,163.25416692097983,164.3624996609158,161.27819946289063,158.74820037841798,149.76665016174317,163.34901485856943,93.03333282470703,185.4499969482422,True,True,True,True,True,True,True,True,False,61.76402550008064,green,237.9899134126161,False,Agricultural Food & other Products,Other Agricultural Products,92.28868017795352,True,True,3400.07,33.08,2019030,0.9729
MAHABANK.NS,80.18000030517578,79.35999997456868,77.206388897366,73.49939987182617,65.64964223225911,62.80198617935181,79.79319126135744,49.36936040991265,85.9000015258789,True,True,True,True,True,True,True,True,False,61.346083785071336,noise,61.77125559465806,False,Banks,Public Sector Bank,92.23924864063272,True,True,61670.89,186.78,23294621,0.3029
STAR.NS,1169.199951171875,1156.6499837239583,1075.1708323160808,1031.5429992675781,935.5243314615885,915.2409979248047,1154.5742324568378,676.9404116010173,1231.0,True,True,True,True,True,True,True,True,False,60.81118086024981,noise,80.19847815626234,False,Pharmaceuticals & Biotechnology,Pharmaceuticals,92.18981710331191,True,True,10776.83,37.94,324454,0.352
COASTCORP.NS,61.119998931884766,60.03749974568685,56.16249995761447,52.73519989013672,47.22619992574056,44.01805380821228,59.58031628693283,29.837394106729462,66.69999694824219,True,True,True,True,True,True,True,True,False,60.67322694014867,green,103.69027582996424,False,Food Products,Seafood,92.1403855659911,True,True,409.36,0.97,158359,0.2364
KARURVYSYA.NS,293.3500061035156,290.27083079020184,289.66944291856555,287.25599853515627,277.1839997355143,261.4853228759766,291.55634447917896,179.94499972680077,343.45001220703125,True,True,True,True,True,True,True,True,False,60.237540136511655,noise,30.8149190298371,False,Banks,Private Sector Bank,92.04152249134948,True,True,28355.77,103.96,3543996,0.3666
STYLAMIND.NS,2834.199951171875,2687.7166748046875,2408.580559624566,2349.6439990234376,2210.7966772460936,2093.1490069580077,2722.0046410882887,1593.699951171875,2929.0,True,True,True,True,True,True,True,True,False,59.47558119743479,noise,39.22905848675835,False,Consumer Durables,Plywood Boards/ Laminates,91.84379634206624,True,True,4806.44,17.18,60606,0.3574
SAILIFE.NS,1141.0,1120.6083475748699,1054.1916605631511,1035.8499938964844,946.4743302408854,926.6337487792969,1127.2818256259893,707.0,1184.800048828125,True,True,True,True,True,True,True,True,False,58.03324099722991,red,139.90578949809162,False,Pharmaceuticals & Biotechnology,Pharmaceuticals,91.54720711814137,True,True,24202.38,85.42,748672,0.353
BHARATFORG.NS,1930.4000244140625,1915.8000081380208,1873.0916748046875,1827.2380053710938,1603.3927888997396,1499.146460571289,1910.2344873440306,1099.2431646909151,2044.0,True,True,True,True,True,True,True,True,False,57.98024757020699,noise,75.53133443405066,False,Auto Components,Auto Components & Equipments,91.49777558082056,True,True,92290.23,265.24,1374026,0.2874
IDEAFORGE.NS,855.4000244140625,791.5625,634.7847247653538,570.8260021972657,490.9886661783854,490.3282504272461,790.5495007061838,366.0,888.0,True,True,True,True,True,True,True,True,False,57.67742385512673,noise,29.723684668033616,False,Aerospace & Defense,Aerospace & Defense,91.39891250617895,True,True,3711.49,182.67,2135539,4.9219
PAISALO.NS,49.18000030517578,47.81916618347168,45.7533327738444,42.50439952850342,37.87866647084554,37.15293416023255,48.70533529344977,29.30476395281721,51.29999923706055,True,True,True,True,True,True,True,True,False,57.17647971038717,noise,98.51917523227705,False,Finance,Non Banking Financial Company (NBFC),91.30004943153732,True,True,4473.03,50.5,10267731,1.1289
NAM-INDIA.NS,1095.699951171875,1081.6166585286458,1023.129163953993,972.4979992675782,913.1552384440104,891.8556732177734,1085.1098268346168,696.057360039132,1125.0,True,True,True,True,True,True,True,True,False,55.72041719868983,noise,86.02534241185913,False,Capital Markets,Asset Management Company,91.2011863568957,True,True,69958.57,117.44,1071823,0.1679
AVANTIFEED.NS,1337.800048828125,1320.0250040690105,1367.4249945746528,1322.3719970703125,1044.3586657714843,949.9372967529297,1322.7586767008863,614.25,1593.800048828125,True,True,True,True,True,True,True,True,False,55.18233282449623,noise,45.818657799539366,False,Food Products,Animal Feed,91.10232328225408,True,True,18226.94,108.66,812203,0.5961
PROV.NS,1625.0,1501.6791687011719,1345.0944485134548,1297.2850024414063,1250.2646663411458,1188.0952505493165,1543.0886916361171,815.0999755859375,1679.949951171875,True,True,True,True,True,True,True,True,False,55.020271881707615,noise,92.40246406570841,False,Food Products,Other Food Products,91.00346020761245,True,True,375.69,0.08,740,0.0215
STEELCAS.NS,291.0,285.30416615804035,283.5191654629177,267.3159991455078,233.32829630533854,228.77421760559082,287.03036479429693,175.6788221569667,320.0,True,True,True,True,True,True,True,True,False,54.725548610705445,noise,85.77167422740656,False,Industrial Products,Castings & Forgings,90.95402867029165,True,True,2944.92,1.97,67696,0.0669
RRKABEL.NS,1977.4000244140625,1958.1416829427083,1671.2972276475693,1586.222001953125,1473.1672102864584,1414.7335412597656,1942.3951465327445,1161.6675515675188,2049.0,True,True,True,True,True,True,True,True,False,53.75012481211743,red,125.12665637092826,False,Industrial Products,Cables - Electricals,90.75630252100841,True,True,22365.48,102.0,515807,0.456
KEI.NS,5305.5,5139.4666748046875,4893.633382161458,4689.954033203125,4428.8441373697915,4329.628614501953,5182.967226790143,3412.5594629566626,5345.0,True,True,True,True,True,True,True,True,False,53.59962001790355,noise,52.83095567745435,False,Industrial Products,Cables - Electricals,90.65743944636678,True,True,50720.9,260.39,490787,0.5134
HINDZINC.NS,647.4000244140625,640.5749969482422,603.3521626790365,578.34578125,564.0131909179687,533.8389445495606,636.2114236119962,406.0805394823193,719.8477125036038,True,True,True,True,True,True,True,True,False,51.97465647207815,green,119.21436875541356,False,Non - Ferrous Metals,Zinc,90.45971329708354,True,True,273547.16,417.1,6442709,0.1525
PASHUPATI.NS,98.95999908447266,91.67916679382324,91.89152759975858,93.72709991455078,87.16660003662109,82.71981338500977,93.30965363042165,59.5527132131333,118.3499984741211,True,True,True,True,True,True,True,True,False,50.37622794043142,noise,45.75239575433328,False,Textiles & Apparels,Other Textile Products,90.21255561047948,True,True,1561.98,1.23,123989,0.0786
DATAPATTNS.NS,4101.7001953125,3967.5333658854165,3828.602789984809,3648.7460107421875,3069.82466796875,2961.7105017089843,3983.4839956824476,2131.0,4303.0,True,True,True,True,True,True,True,True,False,50.102401245093354,noise,46.31529754829239,False,Aerospace & Defense,Aerospace & Defense,90.16312407315867,True,True,22962.95,527.87,1286965,2.2988
USHAMART.NS,480.79998779296875,470.7541681925456,454.7111112806532,440.2309997558594,437.5489990234375,429.2267492675781,470.64627690025327,299.9014271132958,497.1000061035156,True,True,True,True,True,True,True,True,False,49.328413996225564,noise,85.9809967906646,False,Industrial Products,Iron & Steel Products,90.06426099851706,True,True,14635.57,27.76,577390,0.1897
SPORTKING.NS,178.77000427246094,154.25,146.42110994127063,137.79299911499024,110.61233306884766,109.80268215179443,159.17716358552167,78.16999816894531,182.39999389648438,True,True,True,True,True,True,True,True,False,49.121967291194956,ppv,337.0912079085105,True,Textiles & Apparels,Other Textile Products,90.01482946119624,True,True,2275.22,6.93,387624,0.3046
SILGO.NS,80.98999786376953,76.52416674296062,76.63194423251682,75.3863996887207,72.48924926757813,70.58703702926636,77.74441779175942,51.2400016784668,85.0,True,True,True,True,True,True,True,True,False,49.04305785121066,green,100.22979084642067,False,Consumer Durables,"Gems, Jewellery And Watches",89.96539792387543,True,True,211.92,2.85,351439,1.3431
ADANIGREEN.NS,1457.4000244140625,1379.6083272298176,1244.8680555555557,1134.9040002441407,1038.1389990234375,1026.3897494506837,1383.575164269449,765.0,1471.0,True,True,True,True,True,True,True,True,False,47.83182639405761,green,100.08955275293256,False,Power,Power Generation,89.66880869995056,True,True,240059.46,673.59,4621878,0.2806
AUBANK.NS,1011.7999877929688,990.3000030517578,998.5500013563368,967.2190014648437,959.2770003255208,903.2822509765625,992.4051636134111,681.7092405921168,1079.550048828125,True,True,True,True,True,True,True,True,False,46.999607878815944,green,114.66836907428488,False,Banks,Other Bank,89.47108255066732,True,True,75718.94,271.55,2683804,0.3586
RADICO.NS,3578.39990234375,3518.083292643229,3276.333306206597,3114.0779833984375,3063.15666015625,3022.0019958496096,3528.1922084754437,2431.972932956304,3679.0,True,True,True,True,True,True,True,True,False,46.904557059055584,noise,40.296569647001924,False,Beverages,Breweries & Distilleries,89.3722194760257,True,True,47925.99,175.75,491154,0.3667
RACLGEAR.NS,1366.9000244140625,1306.7083435058594,1303.2472296820747,1286.1800024414063,1180.0608276367188,1128.7417709350586,1337.6107817816282,804.2043907437434,1690.2278315095687,True,True,True,True,True,True,True,True,True,46.69014464594128,red,104.25632679448678,False,Auto Components,Auto Components & Equipments,89.32278793870489,True,True,1614.16,4.86,35553,0.3011
GRANULES.NS,756.5,747.6750030517578,702.5388946533203,672.83900390625,606.7890006510416,581.4705003356934,749.7361342752806,432.6000061035156,778.75,True,True,True,True,True,True,True,True,False,46.51722838419503,noise,60.297284630609006,False,Pharmaceuticals & Biotechnology,Pharmaceuticals,89.27335640138409,True,True,18745.84,85.68,1132569,0.4571
HONASA.NS,396.0,362.2250010172526,347.78055572509766,330.36500061035156,299.0633339436849,296.7720002746582,370.4646796590773,248.39999389648438,402.79998779296875,True,True,True,True,True,True,True,True,False,46.43346179237034,ppv,126.84633796026283,False,Personal Products,Personal Care,89.22392486406328,True,True,12889.15,84.81,2141782,0.658
DIVGIITTS.NS,768.1500244140625,698.4791768391927,711.5902811686198,702.2130004882813,655.8093322753906,655.2888107299805,712.809001855456,516.9921093503932,826.9000244140625,True,True,True,True,True,True,True,True,False,46.38067696950079,ppv,1239.3544203763233,False,Auto Components,Auto Components & Equipments,89.17449332674246,True,True,2349.23,3.32,43214,0.1413
PRIVISCL.NS,3342.300048828125,3216.2166951497397,3188.2972479926216,3111.6180224609375,3008.6306770833335,2855.3405102539064,3256.654071465019,2045.7852757278665,3590.89990234375,True,True,True,True,True,True,True,True,False,46.1122884476391,noise,45.947592151170234,False,Chemicals & Petrochemicals,Specialty Chemicals,89.07563025210085,True,True,13055.93,35.36,105803,0.2709
SETCO.NS,26.979999542236328,25.272499879201252,25.003055572509766,22.932399978637694,18.292066656748453,17.73329999923706,25.745071636172405,11.5600004196167,28.5,True,True,True,True,True,True,True,True,False,45.837835363439616,noise,33.308341194519535,False,Auto Components,Auto Components & Equipments,88.97676717745921,True,True,361.82,0.66,244693,0.1825
GRAPHITE.NS,755.9500122070312,747.5458323160807,714.1861080593533,686.2139978027344,634.2973343912761,611.5260009765625,746.5791052651088,502.996619240164,802.4000244140625,True,True,True,True,True,True,True,True,False,45.382664233426695,noise,51.634786105499686,False,Industrial Products,Electrodes & Refractories,88.8779041028176,True,True,14769.42,149.16,1973129,1.0099
FEDERALBNK.NS,290.20001220703125,285.80833435058594,288.23055691189234,281.78300048828123,269.3612012736003,251.16289443969725,287.50663565027264,183.99616636888095,302.0,True,True,True,True,True,True,True,True,False,45.129370352949216,green,125.69610468797072,False,Banks,Private Sector Bank,88.82847256549678,True,True,71515.09,251.58,8669365,0.3518
ANURAS.NS,1370.300048828125,1368.5499979654949,1329.3916693793403,1307.4280029296874,1259.45400390625,1222.0970056152344,1367.2771389515558,932.0916819049232,1415.0,True,True,True,True,True,True,True,True,False,42.82530917603948,red,105.02870387778435,False,Chemicals & Petrochemicals,Specialty Chemicals,88.23529411764706,True,True,15600.63,41.37,301890,0.2652
J&KBANK.NS,140.16000366210938,135.00416692097983,131.13388930426703,127.34960037231446,112.78066680908204,110.23440074920654,136.90559247067438,97.3499984741211,145.0,True,True,True,True,True,True,True,True,False,42.26643079308723,noise,40.8768424121846,False,Banks,Private Sector Bank,88.03756796836382,True,True,15434.17,95.8,6835026,0.6207
CARRARO.NS,608.5,579.5250040690104,556.4472249348959,527.0640032958985,526.9120013427735,506.3604405212402,584.8486783552462,396.8366996501002,667.5499877929688,True,True,True,True,True,True,True,True,False,41.06217882334897,ppv,53.0813064998895,False,Auto Components,Auto Components & Equipments,87.79041028175976,True,True,3459.42,12.32,202461,0.3561
SKYGOLD.NS,480.29998779296875,464.27083587646484,440.10833316379126,410.93999938964845,363.1513326009115,344.7289994812012,468.8216773816838,246.0500030517578,549.9000244140625,True,True,True,True,True,True,True,True,False,41.01584826366542,noise,53.321022958055394,False,Consumer Durables,"Gems, Jewellery And Watches",87.74097874443895,True,True,7438.59,50.32,1047704,0.6765
KRISHNADEF.NS,1140.300048828125,1149.0583394368489,1068.2291632758247,1022.5539990234375,925.7143330891927,893.8082858276367,1136.0425800077626,665.0,1313.0,True,True,True,True,True,True,True,True,False,40.93988914719138,noise,92.84208367945658,False,Aerospace & Defense,Aerospace & Defense,87.69154720711813,True,True,1603.15,18.73,164221,1.1681
JAMNAAUTO.NS,123.62000274658203,117.00833384195964,121.76361083984375,120.7713998413086,120.56896016438802,115.25955783843995,117.82152339821144,84.70709147216674,152.60000610351562,True,True,True,True,True,True,True,True,False,40.26958950653141,ppv,237.1747751589907,False,Auto Components,Auto Components & Equipments,87.59268413247652,True,True,4942.16,28.41,2297813,0.5748
TORNTPHARM.NS,4452.10009765625,4438.958414713542,4266.5000406901045,4262.494028320312,4012.1282307942706,3900.1360241699217,4446.8819865685555,3075.0328854559925,4712.89990234375,True,True,True,True,True,True,True,True,False,39.823908599133404,red,139.26791420509525,False,Pharmaceuticals & Biotechnology,Pharmaceuticals,87.29609490855165,True,True,150679.3,160.64,360829,0.1066
KTKBANK.NS,267.54998779296875,255.17083358764648,253.3497208489312,245.52479888916017,212.18486582438152,201.9165830230713,260.54558930231457,164.46822856250571,278.0,True,True,True,True,True,True,True,True,False,39.745668970847746,ppv,141.05228688163064,False,Banks,Private Sector Bank,87.19723183391004,True,True,10118.25,108.98,4073442,1.0771
LLOYDSME.NS,1853.699951171875,1734.441670735677,1675.191670735677,1555.5280053710937,1352.8520027669272,1348.6775024414062,1752.1683314314978,1042.9000244140625,1868.0,True,True,True,True,True,True,True,True,False,39.543036484982565,green,131.00928598907439,False,Minerals & Mining,Industrial Minerals,87.14780029658922,True,True,104281.05,132.36,714028,0.1269
CEIGALL.NS,352.95001220703125,342.93750254313153,326.8250003390842,311.45800048828124,278.25546681722005,274.07404960632323,341.6704518560716,222.61000061035156,386.3999938964844,True,True,True,True,True,True,True,True,False,38.84737074914113,ppv,177.64761331800477,False,Construction,Civil Construction,86.99950568462678,True,True,6148.56,17.91,507359,0.2912
ESABINDIA.NS,7000.0,6750.041666666667,6232.799994574652,5965.4219921875,5684.921878255208,5529.380866699219,6819.930922618922,4666.9123474723465,7319.5,True,True,True,True,True,True,True,True,False,38.77213762138205,noise,43.29369995548619,False,Industrial Products,Other Industrial Products,86.90064260998517,True,True,10775.11,4.69,6702,0.0435
MOTHERSON.NS,135.82000732421875,131.1858342488607,125.56416681077745,121.61596420288086,118.24410527547201,113.74639801025391,132.83790140976944,89.42248454216111,139.00999450683594,True,True,True,True,True,True,True,True,False,38.21833888765225,noise,57.034436529991936,False,Auto Components,Auto Components & Equipments,86.75234799802274,True,True,143035.19,307.68,22653223,0.2151
NATCOPHARM.NS,1186.0,1176.5916748046875,1125.71388414171,1081.5059997558594,945.0527807617187,922.8682482910157,1169.569854811323,786.2389853809464,1226.800048828125,True,True,True,True,True,True,True,True,False,35.97323671800476,noise,43.68828391814949,False,Pharmaceuticals & Biotechnology,Pharmaceuticals,86.25803262481463,True,True,21242.43,104.64,882262,0.4926
COMSYN.NS,154.5399932861328,153.68916702270508,154.37972174750433,154.0775994873047,153.69913309733073,152.0495376586914,153.98526345762488,101.13890174074433,199.89999389648438,True,True,True,True,True,True,True,True,False,35.317870501090276,noise,71.7194669476827,False,Industrial Products,Packaging,86.159169550173,True,True,623.4,1.01,65109,0.1614
SATIN.NS,222.91000366210938,220.37249883015951,188.32527754041882,176.1315997314453,158.82746643066406,155.11504981994628,216.64190986258814,133.00999450683594,245.5399932861328,True,True,True,True,True,True,True,True,False,34.38027314960972,noise,45.04710932784907,False,Finance,Microfinance Institutions,85.96144340088976,True,True,2451.74,20.61,924412,0.8405
AUSOMENT.NS,139.6199951171875,135.49583307902017,128.97083282470703,120.77339950561523,114.10546646118163,111.55298603057861,134.34758615518987,93.0,178.0,True,True,True,True,True,True,True,True,False,34.20766001935496,noise,21.86673787393519,False,Consumer Durables,"Gems, Jewellery And Watches",85.91201186356896,True,True,190.21,0.16,11470,0.0842
ASTERDM.NS,757.5999755859375,749.629160563151,714.2388814290365,697.229169921875,652.308486328125,645.9133825683593,750.6426194315217,516.8361420654307,776.5499877929688,True,True,True,True,True,True,True,True,False,33.7638988975931,noise,53.49419293506925,False,Healthcare Services,Hospital,85.86258032624815,True,True,39163.11,70.83,934935,0.1809
GRWRHITECH.NS,5797.5,5426.524983723958,4550.708326551649,4305.187993164062,3828.9293326822917,3631.535627441406,5449.493632726959,2671.6173087131406,5857.0,True,True,True,True,True,True,True,True,False,33.36682121112595,noise,95.97664854799585,False,Industrial Products,Plastic Products - Industrial,85.6648541769649,True,True,13468.98,59.76,103072,0.4437
NMDC.NS,90.66999816894531,89.47083409627278,88.37555609809027,85.48800003051758,79.75603815714518,77.71987442016602,89.527375072227,63.93605553096449,94.25,True,True,True,True,True,True,True,True,False,33.06849440536255,noise,72.79510661743382,False,Minerals & Mining,Industrial Minerals,85.41769649036085,True,True,79715.41,215.12,23725113,0.2699
ADANIPORTS.NS,1811.199951171875,1773.2666727701824,1650.6555684407551,1569.5620092773438,1509.0393375651042,1475.774002685547,1779.0436104026805,1290.5,1823.9000244140625,True,True,True,True,True,True,True,True,False,32.71195039479018,noise,63.7962770724543,False,Transport Infrastructure,Port & Port services,85.26940187839843,True,True,417293.06,589.88,3256839,0.1414
ARVIND.NS,491.8500061035156,467.1500015258789,417.522221883138,399.58100036621096,354.163666788737,341.03824966430665,472.06724519560476,274.79998779296875,500.95001220703125,True,True,True,True,True,True,True,True,False,32.70905148705165,green,100.804639590725,False,Textiles & Apparels,Garments & Apparels,85.21997034107761,True,True,12892.11,37.94,771413,0.2943
JBCHEPHARM.NS,2190.0,2163.9500122070312,2071.70556640625,2074.0740063476565,1918.3581315104166,1861.259467163086,2171.2997360835884,1586.7248625722445,2285.300048828125,True,True,True,True,True,True,True,True,False,31.359979463288035,noise,61.94197842416165,False,Pharmaceuticals & Biotechnology,Pharmaceuticals,84.67622343054869,True,True,35162.36,72.77,332263,0.2069
PGINVIT.NS,91.94000244140625,91.08293469746907,90.38042471143935,89.5922772216797,88.0627214050293,87.19156272888183,91.40743202264265,70.44583802035548,92.19000244140625,True,True,True,True,True,True,True,True,False,29.83895705273596,red,113.48738954598228,False,Power,Power - Transmission,83.93475037073654,True,True,8732.35,17.26,1798634,0.1977
MMFL.NS,470.6000061035156,453.51666768391925,467.15694342719183,453.4019982910156,404.15833251953126,382.3407498168945,460.28994568671453,288.1000061035156,526.9500122070312,True,True,True,True,True,True,True,True,False,29.77160528164311,ppv,226.9744225918692,False,Auto Components,Auto Components & Equipments,83.83588729609491,True,True,2272.13,4.55,96775,0.2004
JSWSTEEL.NS,1293.5999755859375,1281.3750101725261,1255.9861145019531,1224.6960034179688,1193.8620035807292,1169.9475024414062,1284.314715153979,959.5660768846707,1314.0,True,True,True,True,True,True,True,True,False,28.986021546537778,noise,82.79607775506871,False,Ferrous Metals,Iron & Steel,83.58872960949085,True,True,315720.33,258.21,1996089,0.0818
HSCL.NS,606.4000244140625,593.5135447184244,557.022829691569,526.1367608642578,484.3634399414062,478.4543321228027,592.3906715573323,417.9330556788151,653.5634546798412,True,True,True,True,True,True,True,True,False,28.079011675964782,noise,84.19240612151742,False,Chemicals & Petrochemicals,Carbon Black,83.19327731092437,True,True,30595.4,436.13,7192121,1.4255
JINDALSTEL.NS,1222.9000244140625,1224.7583618164062,1234.6222262912327,1209.9680029296876,1126.542667236328,1099.3032971191406,1222.5151632316138,880.9024479280388,1306.199951171875,True,True,True,True,True,True,True,True,False,27.644772315575985,noise,34.22466693648636,False,Ferrous Metals,Iron & Steel,82.94611962432032,True,True,124428.62,173.68,1420222,0.1396
ASHIANA.NS,377.1499938964844,366.40416717529297,345.8597242567274,333.30500244140626,309.0610567220052,308.21205932617187,369.9489411278819,268.63644581896057,389.3999938964844,True,True,True,True,True,True,True,True,False,27.343485955838844,noise,39.29150070800036,False,Realty,"Residential, Commercial Projects",82.74839347503708,True,True,3791.29,4.21,111526,0.1109
AIAENG.NS,4143.39990234375,3926.2500203450522,3907.3222384982637,3817.11001953125,3779.5186751302085,3610.6650805664062,3981.6579328340595,2985.486170743132,4206.10009765625,True,True,True,True,True,True,True,True,False,27.045808117730918,ppv,377.2755955839265,True,Industrial Products,Castings & Forgings,82.45180425111222,True,True,38666.36,23.34,56319,0.0604
AARVI.NS,138.61000061035156,126.18916702270508,127.92944399515788,127.63639984130859,126.73213312784831,124.80239982604981,128.40925254815843,96.98999786376953,152.0,True,True,True,True,True,True,True,True,False,26.534610573588036,ppv,974.6899553048769,True,Commercial Services & Supplies,Diversified Commercial Services,82.20464656450815,True,True,205.29,0.24,17236,0.1164
INOXINDIA.NS,1488.0999755859375,1439.7250061035156,1443.4666612413193,1372.2499951171876,1226.1719962565105,1211.124994506836,1453.7995476915125,1065.0,1615.9000244140625,True,True,True,True,True,True,True,True,False,25.60314524189742,green,113.67670086722144,False,Industrial Products,Other Industrial Products,81.61146811665843,True,True,13506.52,34.02,228609,0.2519
BAJAJ-AUTO.NS,10593.0,10437.458333333334,10001.236111111111,9710.28,9443.176666666666,9280.02,10454.520659565678,7858.5,10785.0,True,True,True,True,True,True,True,True,False,24.365582277475273,green,138.0363496691241,False,Automobiles,2/3 Wheelers,81.01828966880869,True,True,295832.55,415.33,392078,0.1404
SANGAMIND.NS,519.9500122070312,499.11666615804035,493.1736094156901,474.8399987792969,459.07999918619794,442.2082485961914,502.81814547242243,339.84925342523246,576.9500122070312,True,True,True,True,True,True,True,True,False,23.65168440248402,noise,56.62728277008154,False,Textiles & Apparels,Other Textile Products,80.62283737024222,True,True,2563.87,2.44,46875,0.0951
LINCOLN.NS,747.4500122070312,697.7333374023438,641.7638888888889,628.9719995117188,556.4433315022786,553.430359954834,709.1579661497082,440.0,755.0,True,True,True,True,True,True,True,True,False,23.14080201767883,noise,71.98519196841741,False,Pharmaceuticals & Biotechnology,Pharmaceuticals,80.47454275827978,True,True,1497.12,9.6,128497,0.6415
CONSOFINVT.NS,234.2899932861328,228.41833368937174,223.50361167060004,221.9524005126953,197.34586690266926,195.6257000732422,230.010794597704,152.0,245.9499969482422,True,True,True,True,True,True,True,True,False,22.658597553079684,noise,32.90859044292562,False,Finance,Non Banking Financial Company (NBFC),80.0790904597133,True,True,757.37,0.32,13590,0.042
ANGELONE.NS,344.45001220703125,320.98750559488934,309.2005560133192,286.2873852539062,263.0664049275716,255.34074569702148,329.9900483025413,206.75854823075167,351.0,True,True,True,True,True,True,True,True,False,21.18152366176995,noise,59.70874369089749,False,Capital Markets,Stockbroking & Allied,79.23875432525952,True,True,31413.8,363.85,10563301,1.1583
VISHNU.NS,597.4500122070312,588.7166646321615,577.4277818467882,557.2380010986328,525.6489996337891,515.9213725280762,594.4835599103029,443.70001220703125,631.0,True,True,True,True,True,True,True,True,False,19.386311815360568,noise,85.41260659265278,False,Chemicals & Petrochemicals,Specialty Chemicals,77.90410281759763,True,True,4021.75,6.11,102265,0.1519
DURLAX.NS,62.349998474121094,54.63333257039388,51.14305538601346,50.02399993896484,43.83499598185222,43.02524700164795,56.535466663741936,30.549999237060547,62.54999923706055,True,True,True,True,True,True,True,True,False,18.087120028511983,noise,50.65285907248986,False,Consumer Durables,"Furniture, Home Furnishing",77.16262975778547,True,True,140.23,1.34,173275,0.9588
VHLTD.NS,139.8800048828125,136.90583674112955,138.35805723402234,139.02640106201173,136.02933380126953,130.88335037231445,137.87316536159187,93.05000305175781,155.36000061035156,True,True,True,True,True,True,True,True,False,17.972510114561892,ppv,76.95423581735163,False,Leisure Services,Hotels & Resorts,77.11319822046465,True,True,946.99,0.19,13621,0.0201
AZAD.NS,2116.800048828125,2063.7249857584634,2004.4083319769966,1859.7860009765625,1697.5800032552083,1672.6600024414063,2061.9284635300037,1360.0,2350.0,True,True,True,True,True,True,True,True,False,16.4484537335531,green,103.37423054359311,False,Electrical Equipment,Heavy Electrical Equipment,75.97627286208602,True,True,13670.66,89.61,423317,0.6555
SONACOMS.NS,608.0,587.2249908447266,577.5874947441948,555.0539965820312,513.5239522298177,493.996290435791,590.3379729364325,400.9971212731793,614.0,True,True,True,True,True,True,True,True,False,15.901581054892922,noise,75.989445476283,False,Auto Components,Auto Components & Equipments,75.48195748887791,True,True,37819.32,142.38,2341838,0.3765
ABB.NS,6804.0,6502.083333333333,6859.7297770182295,6668.850517578125,5761.879563802083,5606.698312988281,6659.4194486299275,4618.610322519749,7790.636939142663,True,True,True,True,True,True,True,True,False,15.545126108324547,noise,43.63657069909368,False,Electrical Equipment,Heavy Electrical Equipment,75.0370736529906,True,True,144182.46,307.08,451323,0.213
FINCABLES.NS,1086.1500244140625,1063.0958404541016,990.4847225613064,947.0150024414063,838.0900032552083,836.0657504272461,1057.6924371355162,700.7999877929688,1172.800048828125,True,True,True,True,True,True,True,True,False,14.272392576265048,noise,70.80587190730895,False,Industrial Products,Cables - Electricals,74.34503213049925,True,True,16611.51,76.41,703502,0.46
CESC.NS,182.83999633789062,180.86333084106445,177.66833284166125,170.99559936523437,166.28969502766927,164.24899047851562,181.6327329120577,138.1199951171875,204.5,True,True,True,True,True,True,True,True,False,12.348075894428877,noise,64.39362103358805,False,Power,Integrated Power Utilities,72.96094908551656,True,True,24236.73,64.96,3552659,0.268
DHANBANK.NS,33.099998474121094,32.68333292007446,29.729722023010254,27.601199836730956,26.029133338928222,26.005550022125245,32.92253810339247,19.450000762939453,34.9900016784668,True,True,True,True,True,True,True,True,False,10.702337446210697,noise,46.72876571060888,False,Banks,Private Sector Bank,71.47800296589224,True,True,1306.45,6.86,2071426,0.5248
PARTYCRUS.NS,103.5,102.07500076293945,92.64166683620877,89.51099990844726,83.03999994913737,81.03899986267089,101.87885076803354,63.04999923706055,113.8499984741211,True,True,True,True,True,True,True,True,False,9.523809523809534,noise,78.74015748031496,False,Other Consumer Services,Other Consumer Services,70.48937221947602,True,True,145.5,0.16,13448,0.1128
