symbol,close,MA12,MA36,MA50,MA150,MA200,EMA10,52w_low,52w_high,cond1_price_above_150_200,cond2_ma150_above_ma200,cond3_ma200_trending_up_1m,cond4_ma50_above_150_200,cond5_price_above_ma50,cond6_30pct_above_52w_low,cond7_within_25pct_52w_high,cond9_price_above_ema10,fresh_ma12_cross_today,12m_return_pct,volume_signal,relative_volume,bull_snort,inside_bar,industry_group,industry,rs_percentile,cond8_rs_at_least_70,all_conditions_met
INFY.NS,1160.9000244140625,1156.9083251953125,1205.2555474175347,1223.44599609375,1422.9875016276042,1431.4081439208985,1165.1985236747191,1089.0,1728.0,False,False,False,False,False,False,False,False,False,-24.37481004426296,ppv,485.51833794139094,False,False,IT - Software,Computers - Software & Consulting,26.666666666666668,False,False
MOTHERSON.NS,145.74000549316406,133.98500124613443,127.54888916015625,122.71364273071289,118.75634399414062,114.21177497863769,136.60768761123057,89.42248454216111,151.77000427246094,True,True,True,True,True,True,True,True,False,46.5435172652296,ppv,333.6635166654979,False,False,Auto Components,Auto Components & Equipments,89.55223880597015,True,True
HCLTECH.NS,1183.800048828125,1158.6999918619792,1242.5687561035156,1268.9456518554687,1450.9251123046874,1441.2657409667968,1169.1311802955138,1103.4000244140625,1746.660434027475,False,True,False,False,False,False,False,True,False,-26.236794001638085,ppv,273.36697982962494,False,False,IT - Software,Computers - Software & Consulting,24.079601990049753,False,False
REDINGTON.NS,224.3300018310547,220.77666727701822,220.8580551147461,218.5111996459961,252.52839894612632,254.1265990447998,222.13219391610136,191.30999755859375,327.511218461602,False,False,False,False,True,False,False,True,False,-14.034167429550038,ppv,130.8707257909346,False,False,Commercial Services & Supplies,Trading & Distributors,42.189054726368155,False,False
WIPRO.NS,204.25,197.48416646321616,200.32416576809354,198.0875994873047,223.5847139485677,227.8965626525879,200.6670961925812,186.5,266.2266963670133,False,False,False,False,True,False,True,True,False,-14.624175779038339,ppv,328.97927385085177,False,False,IT - Software,Computers - Software & Consulting,40.94527363184079,False,False
HYUNDAI.NS,1924.0,1847.308329264323,1837.191667344835,1839.9859985351563,2128.8453238932293,2216.0254907226563,1870.1385983518783,1658.0,2890.0,False,False,False,False,True,False,False,True,False,2.8229891404224494,ppv,1355.3337820309378,False,False,Automobiles,Passenger Cars & Utility Vehicles,64.4776119402985,False,False
TECHM.NS,1483.9000244140625,1425.0749918619792,1444.0694410536025,1430.9619970703125,1496.4133357747396,1489.107459716797,1444.7976229636295,1304.0999755859375,1854.0,False,True,False,False,True,False,True,True,False,-4.656293569392911,ppv,157.03022160057947,False,False,IT - Software,Computers - Software & Consulting,56.36815920398009,False,False
LTM.NS,4061.60009765625,4013.8492838541665,4259.124159071181,4234.471845703125,5143.8221223958335,5148.551501464844,4037.501237162482,3855.629087128889,6344.474916122625,False,False,False,False,False,False,False,True,False,-19.160032417012076,ppv,324.14273944616684,False,False,IT - Software,Computers - Software & Consulting,34.47761194029851,False,False
PATANJALI.NS,456.20001220703125,460.27500406901044,461.0012664794922,464.29638916015625,516.384521077474,535.4613177490235,460.48948994155444,438.0,648.8368060933632,False,False,False,False,False,False,False,False,False,-20.722441183112174,ppv,155.11645697489092,False,False,Agricultural Food & other Products,Edible Oil,32.18905472636816,False,False
KALYANKJIL.NS,355.04998779296875,352.64583079020184,396.4249971177843,393.7829998779297,436.83599975585935,452.9945541381836,357.76791217778015,337.0,615.8977245777407,False,False,False,False,False,False,False,False,False,-37.3468888578461,ppv,701.9270995041769,False,False,Consumer Durables,"Gems, Jewellery And Watches",12.437810945273633,False,False
INDUSTOWER.NS,442.04998779296875,430.78333282470703,419.0638893975152,421.2729998779297,421.76199930826823,402.8892491149902,431.9711707517818,312.54998779296875,481.5,True,True,False,False,True,True,True,True,False,16.176080891713205,ppv,221.13012769184652,False,False,Telecom - Services,Telecom - Infrastructure,76.66666666666667,True,False
FEDERALBNK.NS,288.95001220703125,285.8583348592122,289.09722391764325,282.6740008544922,270.36766794840497,252.10145309448242,287.97634418482215,183.99616636888095,302.0,True,True,True,True,True,True,True,True,False,43.98177142952293,ppv,1799.5350971562104,False,False,Banks,Private Sector Bank,88.90547263681592,True,True
IDBI.NS,73.83000183105469,72.34666697184245,73.93833308749728,72.69919998168945,92.6052665201823,92.29899997711182,73.05782631376204,61.0099983215332,118.37999725341797,False,True,False,False,True,False,False,True,False,-18.068782779845172,ppv,79.09071774239193,False,False,Banks,Private Sector Bank,36.46766169154229,False,False
YESBANK.NS,23.149999618530273,22.21833340326945,20.953888999091255,20.181000061035157,21.295933341979982,21.13845004081726,22.373440048339564,17.200000762939453,24.299999237060547,True,True,True,False,True,True,True,True,False,10.290613963627715,ppv,258.2672168880431,False,False,Banks,Private Sector Bank,71.39303482587064,True,False
BOSCHLTD.NS,36625.0,36516.25,36757.63888888889,35003.7,35965.73333333333,36816.1,36386.617436503184,28610.0,41945.0,False,False,False,False,True,False,True,True,False,15.537188779091316,ppv,377.7440975379745,False,False,Auto Components,Auto Components & Equipments,76.06965174129353,True,False
BANDHANBNK.NS,208.3000030517578,196.60583368937174,189.3113890753852,179.10120025634765,164.24500030517578,164.3280445098877,199.5359680357334,134.25,212.66000366210938,True,False,True,True,True,True,True,True,False,26.918778353848595,ppv,124.65929839094107,False,False,Banks,Private Sector Bank,82.7363184079602,True,False
LTF.NS,286.6000061035156,277.23475646972656,281.6982913547092,273.31796661376956,284.09963775634765,271.1501963806152,279.90656206377054,167.52519905063943,326.09262875443085,True,True,True,False,True,True,True,True,False,68.794908532292,ppv,183.84700489722943,False,False,Finance,Non Banking Financial Company (NBFC),93.43283582089552,True,False
LODHA.NS,938.0999755859375,889.1291656494141,883.2583312988281,846.6380004882812,1002.9733365885417,1050.1683172607422,905.1345651545491,650.7999877929688,1525.9700387101068,False,False,False,False,True,True,False,True,False,-34.5985553652543,ppv,263.9315075337697,False,False,Realty,"Residential, Commercial Projects",15.273631840796021,False,False
STARHEALTH.NS,527.9500122070312,517.0291697184244,509.90694851345484,495.4130029296875,477.5283341471354,471.0480009460449,521.5354980767343,412.6000061035156,586.25,True,True,True,True,True,False,True,True,False,13.868223693949332,ppv,160.4250766281833,False,False,Insurance,General Insurance,74.92537313432835,True,False
JINDALSAW.NS,247.08999633789062,227.76577504475912,227.74921798706055,216.82139221191406,186.8817560831706,190.86200080871583,232.080613448432,151.60325107352764,258.0227782435487,True,False,False,True,True,True,True,True,True,16.59590130948971,ppv,113.57802437935354,False,False,Industrial Products,Iron & Steel Products,77.01492537313432,True,False
RAIN.NS,188.07000732421875,163.38499959309897,142.38972197638617,133.32740005493164,133.09099985758465,134.75732093811035,167.47578074809897,99.9000015258789,193.5500030517578,True,False,False,False,True,True,True,True,False,31.213313896935645,ppv,290.5947760982236,False,False,Chemicals & Petrochemicals,Petrochemicals,84.6268656716418,True,False
MPHASIS.NS,2271.39990234375,2200.3416544596353,2264.3138902452256,2226.5020141601562,2541.356667480469,2606.8169989013672,2229.4875827858796,2013.0,3037.199951171875,False,False,False,False,True,False,False,True,False,-9.002887290055284,ppv,213.73223421362698,False,False,IT - Software,Computers - Software & Consulting,49.900497512437816,False,False
PERSISTENT.NS,5194.2998046875,4974.683268229167,5056.669420030382,5010.855986328125,5613.269332682292,5528.2167138671875,5046.840339291813,4449.10009765625,6575.412975699863,False,True,False,False,True,False,True,True,False,-8.1534536976392,ppv,196.38412892366165,False,False,IT - Software,Computers - Software & Consulting,50.8955223880597,False,False
GMRAIRPORT.NS,100.37000274658203,96.50500043233235,96.86583349439833,94.7395997619629,97.52913299560547,95.4049995803833,97.24580186914758,79.91999816894531,110.36000061035156,True,True,True,False,True,False,True,True,False,16.021269527338244,ppv,758.6642440860018,False,False,Transport Infrastructure,Airport & Airport services,76.46766169154229,True,False
ALKEM.NS,5498.0,5461.291666666667,5469.555555555556,5416.83,5532.214759114583,5479.506096191406,5455.348310452819,4670.802364864473,5886.049582427304,False,True,True,False,True,False,True,True,False,4.981801911449613,ppv,1025.3529436148456,False,False,Pharmaceuticals & Biotechnology,Pharmaceuticals,66.81592039800995,False,False
UFLEX.NS,423.95001220703125,409.2416636149089,411.8263863457574,407.2639984130859,461.76799967447914,485.0639993286133,413.77695965591613,330.0,682.1229955082837,False,False,False,False,True,False,False,True,False,-31.016512743180304,ppv,122.67068434208939,False,False,Industrial Products,Packaging,18.90547263681592,False,False
PIDILITIND.NS,1482.800048828125,1469.0916646321614,1416.1638861762153,1390.0759985351563,1442.481337076823,1463.0490032958985,1469.9141967500148,1259.0,1574.949951171875,True,False,False,False,True,False,True,True,False,-1.9456135525938834,ppv,436.9719885217541,False,False,Chemicals & Petrochemicals,Specialty Chemicals,59.75124378109453,False,False
THERMAX.NS,4982.7001953125,4528.6667073567705,4223.386128743489,3948.2900048828124,3323.6093326822916,3308.498498535156,4561.286196158362,2742.699951171875,5075.0,True,True,True,True,True,True,True,True,False,41.003491106146114,ppv,501.9421536671522,True,False,Electrical Equipment,Heavy Electrical Equipment,87.81094527363184,True,True
NUVOCO.NS,348.6499938964844,325.0208333333333,312.1777793036567,306.40900146484375,338.7220003255208,364.5485006713867,328.10055382797793,276.25,477.5,False,False,False,False,True,False,False,True,False,-2.174523045096055,ppv,893.6428597899617,False,False,Cement & Cement Products,Cement & Cement Products,59.40298507462687,False,False
BHARATCOAL.NS,,,,,,,,,,False,False,False,False,False,False,False,False,False,,ppv,610.7362005104948,True,False,Consumable Fuels,Coal,,False,False
RRKABEL.NS,2056.300048828125,1970.3500162760417,1715.4944491916233,1613.7580029296876,1486.7436328125,1423.5318286132813,1964.607852703995,1161.6675515675188,2117.0,True,True,True,True,True,True,True,True,False,56.84072620121785,ppv,291.1836397411367,False,False,Industrial Products,Cables - Electricals,91.59203980099502,True,True
BALKRISIND.NS,2205.5,2173.358357747396,2214.7083265516494,2190.64,2318.74673828125,2329.412889404297,2191.2073226370585,2015.4000244140625,2787.614631345454,False,False,False,False,True,False,True,True,False,-16.55907876380317,ppv,375.1741826632735,False,False,Auto Components,Tyres & Rubber Products,38.1094527363184,False,False
GODIGIT.NS,305.5,308.5083363850911,313.39027913411456,316.9060009765625,333.09900065104165,338.9247505187988,307.6265126855705,300.3500061035156,381.3999938964844,False,False,False,False,False,False,True,False,False,-5.622493518903838,ppv,277.6495677206693,False,False,Insurance,General Insurance,54.82587064676617,False,False
JUBLFOOD.NS,427.5,447.3833312988281,460.3486107720269,457.835,520.5243328857422,546.9790003967286,441.5293919566938,408.79998779296875,717.6987712651691,False,False,False,False,False,False,False,False,False,-35.266369937590405,ppv,1003.4868066015135,False,False,Leisure Services,Restaurants,14.72636815920398,False,False
ENRIN.NS,,,,,,,,,,False,False,False,False,False,False,False,False,False,,ppv,407.8323665400749,False,False,Electrical Equipment,Heavy Electrical Equipment,,False,False
ABFRL.NS,64.61000061035156,64.30749988555908,63.92749987708198,62.22599975585938,69.91406659444173,73.28559988021851,64.79817723179585,53.5099983215332,94.94999694824219,False,False,False,False,True,False,False,False,False,-25.521613129277743,ppv,335.5084337097382,False,False,Retailing,Speciality Retail,24.5273631840796,False,False
IREDA.NS,133.25,128.75583140055338,130.98638852437338,126.3697264099121,132.47458084106447,136.3331252670288,130.00165518029718,108.07695869934327,185.59594007243405,False,False,False,False,True,False,False,True,False,-22.813877053523647,ppv,301.3923173664345,False,False,Finance,Financial Institution,28.905472636815922,False,False
KIRLOSENG.NS,1928.0,1709.7583312988281,1659.0111083984375,1582.3939990234376,1319.969892171224,1217.4144387817382,1753.3067239507238,820.558352844598,1943.699951171875,True,True,True,True,True,True,True,True,False,127.29460623130558,ppv,257.36031539322187,False,False,Industrial Products,"Compressors, Pumps & Diesel Engines",97.11442786069652,True,True
POWERMECH.NS,2500.699951171875,2472.550008138021,2434.9361165364585,2285.6100048828125,2271.6673388671875,2447.513377685547,2491.1869064947755,1717.699951171875,3413.6126750037365,True,False,False,False,True,True,False,True,False,-20.7640615834382,ppv,96.39026671714875,False,False,Construction,Civil Construction,32.08955223880597,False,False
POWERINDIA.NS,38445.0,34823.75,32434.86111111111,30310.5,23677.08,22546.480751953124,35826.994976734524,16111.0,38645.0,True,True,True,True,True,True,True,True,False,135.36415886731575,ppv,241.5871149084853,False,False,Electrical Equipment,Heavy Electrical Equipment,97.56218905472636,True,True
ZEEL.NS,93.11000061035156,86.50999895731609,87.21027755737305,83.46099990844726,89.48813329060873,95.60007949829101,87.38943154284947,68.0,148.58156000871395,False,False,False,False,True,True,False,True,False,-25.47491436626148,ppv,215.21390046212687,False,False,Entertainment,TV Broadcasting & Software Production,24.62686567164179,False,False
HFCL.NS,179.94000244140625,153.21666717529297,123.92611185709636,109.08300048828124,82.80500043233236,80.46479871749878,158.0893081223478,59.81999969482422,189.0800018310547,True,True,True,True,True,True,True,True,False,109.60568696084634,ppv,195.42741860611622,False,False,Telecom - Services,Telecom - Infrastructure,96.3681592039801,True,True
OBEROIRLTY.NS,1707.0999755859375,1653.3916422526042,1670.7621392144097,1610.948017578125,1618.1387052408854,1618.2555584716797,1674.4760626552493,1389.4810149139053,1995.1805514435841,True,False,False,False,True,False,True,True,False,-1.3115424856323887,ppv,247.68819518654612,False,False,Realty,"Residential, Commercial Projects",60.49751243781094,False,False
ELITECON.NS,,,,,,,,,,False,False,False,False,False,False,False,False,False,,ppv,,False,False,Cigarettes & Tobacco Products,Cigarettes & Tobacco Products,,False,False
EMMVEE.NS,,,,,,,,,,False,False,False,False,False,False,False,False,False,,ppv,308.82424715803535,True,False,Electrical Equipment,Other Electrical Equipment,,False,False
AEGISLOG.NS,748.4500122070312,703.0875040690104,695.7013905843099,669.7170007324219,709.4316666666666,719.0895004272461,716.9945555417223,576.0999755859375,944.5999755859375,True,False,False,False,True,False,True,True,False,-9.087185328513659,ppv,530.2273432512198,False,False,Gas,Trading - Gas,49.65174129353234,False,False
SKIPPER.NS,549.3499755859375,476.6166636149089,454.79583146837024,424.61299865722657,425.85633239746096,451.7237190246582,492.0767744648284,327.04998779296875,587.8915976423116,True,False,False,False,True,True,True,True,False,11.27000458342593,ppv,420.8903502322536,True,False,Electrical Equipment,Heavy Electrical Equipment,72.23880597014926,True,False
GVT&D.NS,5148.60009765625,4669.7249755859375,4450.724989149306,4236.339985351562,3521.017327473958,3362.120177001953,4813.045421841366,2031.0787707116945,5222.10009765625,True,True,True,True,True,True,True,True,False,148.74773131611207,ppv,296.4754836744323,False,False,Electrical Equipment,Heavy Electrical Equipment,98.1094527363184,True,True
MINDACORP.NS,624.4000244140625,553.0083338419596,533.9861128065321,525.9660021972657,558.6650089518229,550.8115406799317,575.4820774706409,443.7837866650364,635.0,True,True,False,False,True,True,True,True,False,21.801498764562808,ppv,261.26649986958694,False,False,Auto Components,Auto Components & Equipments,79.65174129353234,True,False
RADICO.NS,3518.60009765625,3521.38330078125,3322.0055338541665,3140.083984375,3069.878662109375,3028.60599609375,3513.224561271526,2432.771959588054,3679.0,True,True,True,True,True,True,True,True,False,43.672137475274894,ppv,135.3956310252476,False,False,Beverages,Breweries & Distilleries,88.70646766169155,True,True
PGEL.NS,482.54998779296875,474.0833333333333,513.8055572509766,507.6310009765625,554.1423333740235,554.5715075683594,477.87488504492285,436.54998779296875,836.0814773823537,False,False,False,False,False,False,False,True,False,-37.4294972777107,ppv,294.849871280958,False,False,Consumer Durables,Consumer Electronics,12.288557213930348,False,False
IFBIND.NS,1252.5,1110.0916748046875,1131.5763854980469,1085.6349963378907,1343.1849967447918,1399.1187469482422,1139.0336688069472,883.2000122070312,2019.800048828125,False,False,False,False,True,True,False,True,False,-6.842692450725174,ppv,592.4764307791143,False,False,Consumer Durables,Household Appliances,52.885572139303484,False,False
SAMMAANCAP.NS,177.00999450683594,153.98333485921225,150.2338892618815,148.0272003173828,151.9163335164388,148.65650039672852,161.2751016623281,114.0999984741211,192.9499969482422,True,True,True,False,True,True,True,True,False,43.65362177670158,ppv,126.15062462006858,False,False,Finance,Housing Finance Company,88.65671641791046,True,False
LUMAXTECH.NS,1724.800048828125,1640.4000040690105,1690.2888929578994,1659.3580053710937,1534.5193351236978,1438.1230087280273,1652.5196193495874,646.9542691799244,1898.0,True,True,True,True,True,True,True,True,False,161.06099177983432,ppv,236.3291937112874,False,False,Auto Components,Auto Components & Equipments,98.35820895522389,True,True
PAGEIND.NS,38195.0,37692.66015625,37088.085828993055,35608.3135546875,35784.35016927083,37675.36834960937,37971.62933261589,29688.285081876034,49879.64135663177,True,False,False,False,True,False,True,True,False,-19.06622618733086,ppv,284.3235046335299,False,False,Textiles & Apparels,Garments & Apparels,34.72636815920398,False,False
TCI.NS,919.7000122070312,897.5000050862631,941.7833336724175,944.0079992675782,1026.0397224934895,1059.9679339599609,907.5210129124052,868.0499877929688,1278.5543482626701,False,False,False,False,False,False,False,True,False,-19.344648860115065,ppv,121.44789676865248,False,True,Transport Services,Logistics Solution Provider,34.32835820895522,False,False
ATHERENERG.NS,964.0999755859375,927.004160563151,908.673607720269,866.9269970703125,744.6629988606771,689.6142489624024,932.844812225588,301.0,1003.9000244140625,True,True,True,True,True,True,True,True,False,201.84721164972737,ppv,151.7830067795959,False,False,Automobiles,2/3 Wheelers,99.05472636815921,True,True
SWANCORP.NS,329.29998779296875,320.15833282470703,332.9208348592122,329.5230017089844,398.5563338216146,411.9856661987305,323.2218611447245,295.6499938964844,526.5921670559642,False,False,False,False,False,False,False,True,False,-25.101212776375114,ppv,97.49695088560338,False,False,Chemicals & Petrochemicals,Petrochemicals,25.223880597014926,False,False
SIGNATURE.NS,852.7000122070312,835.5458323160807,843.4472215440538,820.752001953125,961.4150028483073,994.3852508544921,830.7460767448559,705.2000122070312,1309.5,False,False,False,False,True,False,False,True,False,-29.318634370785933,ppv,210.27053226384024,False,False,Realty,"Residential, Commercial Projects",20.99502487562189,False,False
AIAENG.NS,4503.60009765625,4032.608357747396,3951.0777994791665,3846.4260205078126,3795.948009440104,3624.3485791015623,4142.969392279411,2985.486170743132,4551.7001953125,True,True,True,True,True,True,True,True,False,38.610378571518744,ppv,237.91127660293353,False,False,Industrial Products,Castings & Forgings,86.61691542288558,True,True
MGEL.NS,15.0,13.430833260218302,13.454166624281141,12.799399967193603,13.158933302561442,13.927999982833862,13.721238475438646,9.529999732971191,18.399999618530273,True,False,False,False,True,True,True,True,False,12.679406247821712,ppv,764.398955491129,False,False,Agricultural Food & other Products,Other Agricultural Products,73.48258706467662,True,False
TBZ.NS,165.49000549316406,136.18250147501627,143.09555435180664,138.49699905395508,156.9047996520996,164.51133266448974,141.46083865730358,110.5,215.33752365857333,True,False,False,False,True,True,True,True,False,-14.218101280279981,ppv,1615.894810977225,True,False,Consumer Durables,"Gems, Jewellery And Watches",41.54228855721393,False,False
INDGN.NS,521.5499877929688,515.0791600545248,508.0486085679796,491.6499975585937,501.8176647949219,517.5764981079102,516.9567020451433,414.0,630.7862986026671,True,False,False,False,True,False,True,True,False,-14.09380110532008,ppv,188.14198584430653,False,False,Healthcare Services,"Healthcare Research, Analytics & Technology",41.8407960199005,False,False
GULFOILLUB.NS,973.0499877929688,923.4166666666666,951.7236107720269,942.0930004882813,1069.3847188313803,1101.5722616577148,934.4287201767106,865.0,1279.4815734442225,False,False,False,False,True,False,True,True,False,-16.50198683196802,ppv,684.0564698947392,True,False,Petroleum Products,Lubricants,38.25870646766169,False,False
WOCKPHARMA.NS,2031.4000244140625,1648.0999959309895,1516.0055508083767,1429.0499951171876,1386.1299967447917,1406.2209954833984,1710.1440950610406,1086.699951171875,2097.39990234375,True,False,False,True,True,True,True,True,False,52.210404733613515,ppv,677.1376245395828,True,False,Pharmaceuticals & Biotechnology,Pharmaceuticals,90.84577114427861,True,False
ASHAPURMIN.NS,739.5,661.3166656494141,630.6097208658854,590.9079986572266,657.148334757487,640.7415440368652,672.7452285110671,365.50986028267,924.9000244140625,True,True,True,False,True,True,True,True,False,86.83162048716828,ppv,843.0560040456969,True,False,Minerals & Mining,Industrial Minerals,95.17412935323382,True,False
SKFINDUS.NS,,,,,,,,,,False,False,False,False,False,False,False,False,False,,ppv,721.8536422997615,False,False,Industrial Products,Abrasives & Bearings,,False,False
PARAGMILK.NS,222.30999755859375,214.8416659037272,218.6038898891873,211.85880096435548,256.5143339029948,257.08455520629883,215.2195980594053,177.83999633789062,376.95001220703125,False,False,False,False,True,False,False,True,False,5.350131921695023,ppv,147.43083862812188,False,False,Food Products,Dairy Products,66.96517412935323,False,False
GTPL.NS,67.25,67.09999974568684,67.6266663869222,65.07619972229004,81.31526652018229,89.04876708984375,66.8262055936984,55.0099983215332,131.12393209875145,False,False,False,False,True,False,False,True,False,-37.54123425934364,ppv,113.18986047583412,False,False,Entertainment,TV Broadcasting & Software Production,12.189054726368159,False,False
UTLSOLAR.NS,,,,,,,,,,False,False,False,False,False,False,False,False,False,,ppv,172.52904871704754,False,False,Electrical Equipment,Other Electrical Equipment,,False,False
JSWDULUX.NS,,,,,,,,,,False,False,False,False,False,False,False,False,False,,ppv,,False,False,Consumer Durables,Paints,,False,False
PCJEWELLER.NS,9.600000381469727,8.609999974568685,9.139166593551636,8.874799976348877,9.916133302052815,10.735549960136414,8.911020704919396,7.46999979019165,19.649999618530273,False,False,False,False,True,False,False,True,False,-25.754059126921135,ppv,633.5449205039903,False,False,Consumer Durables,"Gems, Jewellery And Watches",24.378109452736318,False,False
HBLENGINE.NS,822.5999755859375,780.2333374023438,789.040281507704,752.4020007324219,808.8494689941406,811.4375463867187,793.3126779346189,540.4693556798036,1119.1117883166673,True,False,True,False,True,True,False,True,False,48.70610307835101,ppv,334.97130662312617,False,False,Industrial Products,Other Industrial Products,90.19900497512438,True,False
BLUSPRING.NS,,,,,,,,,,False,False,False,False,False,False,False,False,False,,ppv,476.19566045747,True,False,Commercial Services & Supplies,Diversified Commercial Services,,False,False
BANCOINDIA.NS,656.25,610.2958374023438,609.606942070855,591.0564154052735,641.9440264892578,649.4066325378418,621.1309633192858,502.0,859.7877065596524,True,False,False,False,True,True,True,True,True,21.465996976906542,ppv,980.855960297404,False,False,Auto Components,Auto Components & Equipments,79.40298507462687,True,False
RTNPOWER.NS,9.859999656677246,9.3133331934611,9.59527775976393,9.18600001335144,9.314533306757609,9.970149972438811,9.471146910795925,7.519999980926514,16.920000076293945,False,False,False,False,True,True,False,True,False,-10.84991607062743,ppv,143.72721279764818,False,False,Power,Power Generation,47.16417910447761,False,False
NETWEB.NS,4670.7001953125,3931.4500325520835,3905.2944607204863,3710.6700146484377,3463.088671875,3353.2378894042968,4052.2517974760317,1698.0424989895453,4760.0,True,True,True,True,True,True,True,True,False,146.56541400827314,ppv,707.7331906470769,True,False,IT - Services,IT Enabled Services,97.96019900497512,True,True
NAM-INDIA.NS,1100.199951171875,1088.7333272298176,1037.5305514865452,982.8799987792969,915.8684501139323,894.7388330078124,1088.4173168499035,697.9634627093827,1125.0,True,True,True,True,True,True,True,True,False,55.36711851735077,ppv,197.33090916550807,False,False,Capital Markets,Asset Management Company,91.39303482587064,True,True
BIKAJI.NS,650.0499877929688,655.5541636149088,660.6555548773872,649.265,679.6403336588542,699.5414822387695,652.5137520869737,592.5499877929688,818.7000122070312,False,False,False,False,True,False,True,False,False,-9.532442131284247,ppv,272.5164593221625,False,False,Food Products,Packaged Foods,49.004975124378106,False,False
VINDHYATEL.NS,2210.5,1757.183329264323,1514.5291578504775,1386.548994140625,1340.6256656901041,1372.1785052490234,1860.4987954496196,963.9000244140625,2285.89990234375,True,False,False,True,True,True,True,True,False,39.740204018480355,ppv,262.8873766404448,False,False,Telecom - Services,Telecom - Infrastructure,87.2636815920398,True,False
BLUESTONE.NS,,,,,,,,,,False,False,False,False,False,False,False,False,False,,ppv,326.0447221177758,False,False,Consumer Durables,"Gems, Jewellery And Watches",,False,False
TRITURBINE.NS,741.5,658.2041676839193,581.9624989827474,546.5579986572266,524.0304048665365,523.4379396057129,680.3853087140617,428.3500061035156,787.5999755859375,True,True,False,True,True,True,True,True,False,26.55962948652386,ppv,184.02262640961985,False,False,Electrical Equipment,Heavy Electrical Equipment,82.38805970149254,True,False
RELAXO.NS,345.29998779296875,297.59582773844403,299.1944410536024,290.55159851074217,358.5705328369141,383.9900326538086,305.70850107121964,236.5,526.0,False,False,False,False,True,True,False,True,False,-22.16669650962575,ppv,3109.861739600484,True,False,Consumer Durables,Footwear,29.502487562189057,False,False
JAMNAAUTO.NS,127.66999816894531,117.53833325703938,122.32777743869357,121.00359985351562,120.99971120198568,115.62928981781006,120.51936629762758,84.70709147216674,152.60000610351562,True,True,True,True,True,True,True,True,False,40.97395244632991,ppv,626.4625148596808,False,False,Auto Components,Auto Components & Equipments,87.76119402985074,True,True
TI.NS,455.3500061035156,436.3500010172526,449.3624988132053,444.5249993896484,453.0059991455078,457.67629013061526,443.9615323459868,336.27142621827204,549.7000122070312,False,False,False,False,True,True,True,True,False,25.09226459627547,ppv,166.8498992020619,False,False,Beverages,Breweries & Distilleries,81.7412935323383,True,False
SHANTIGOLD.NS,,,,,,,,,,False,False,False,False,False,False,False,False,False,,ppv,218.54793849006126,False,False,Consumer Durables,"Gems, Jewellery And Watches",,False,False
IIFLCAPS.NS,341.3999938964844,343.55832926432294,325.34805382622613,308.6615994262695,321.51275034586587,316.49923561096193,342.2374307481542,240.39999389648438,407.5051309315702,True,True,False,False,True,True,True,False,False,23.864711374167037,ppv,211.23897490018356,False,False,Capital Markets,Stockbroking & Allied,80.84577114427861,True,False
KCP.NS,164.52999877929688,161.85166295369467,167.8013882107205,159.02519943237306,171.92713302612304,179.3279996109009,163.20694816394288,125.0,229.71557788397607,False,False,False,False,True,True,False,True,False,-26.64155990737871,ppv,254.16061435964482,False,False,Cement & Cement Products,Cement & Cement Products,23.731343283582092,False,False
ANTHEM.NS,,,,,,,,,,False,False,False,False,False,False,False,False,False,,ppv,708.1557986469718,False,False,Pharmaceuticals & Biotechnology,Biotechnology,,False,False
GRWRHITECH.NS,6117.89990234375,5570.566650390625,4674.083326551649,4384.39599609375,3864.8340006510416,3657.5446166992188,5615.160211719596,2671.6173087131406,6166.0,True,True,True,True,True,True,True,True,False,43.68531946249507,ppv,182.00351616463723,False,False,Industrial Products,Plastic Products - Industrial,88.75621890547264,True,True
BAJEL.NS,195.47000122070312,179.94249979654947,178.91722318861218,172.74800079345704,170.92106709798176,180.18754997253419,183.06732831730753,135.10000610351562,263.8999938964844,True,False,False,False,True,True,False,True,True,-7.931796209098952,ppv,436.5549605199956,False,False,Electrical Equipment,Heavy Electrical Equipment,51.64179104477612,False,False
MAITHANALL.NS,1024.050048828125,967.6451263427734,976.8482988145616,951.7592565917969,985.1971618652344,1011.5821981811523,975.2384728357629,821.6008602723305,1243.087164877428,True,False,False,False,True,False,True,True,False,-1.4888549598241152,ppv,216.58710455319044,False,False,Ferrous Metals,Ferro & Silica Manganese,60.298507462686565,False,False
SUMICHEM.NS,501.54998779296875,471.22916412353516,452.69722154405383,433.1689990234375,441.3403330485026,471.6927503967285,479.75610346629355,362.6000061035156,665.0,True,False,False,False,True,True,True,True,False,-5.894476556459971,ppv,201.1660362741524,False,False,Fertilizers & Agrochemicals,Pesticides & Agrochemicals,54.328358208955216,False,False
BENGALASM.NS,,,,,,,,,,False,False,False,False,False,False,False,False,False,,ppv,,False,False,Finance,Non Banking Financial Company (NBFC),,False,False
EMAMIPAP.NS,87.01000213623047,79.23083305358887,77.41444418165419,74.01800003051758,83.33526652018229,87.48987358093262,80.51225842518376,55.0,122.0,False,False,False,False,True,True,False,True,False,-9.876988766168814,ppv,664.4533405595732,False,False,"Paper, Forest & Jute Products",Paper & Paper Products,48.60696517412935,False,False
HTMEDIA.NS,22.8799991607666,21.619999885559082,22.312500105963814,21.719200096130372,22.974799995422362,23.728000001907347,21.941700360330124,17.520000457763672,28.639999389648438,False,False,False,False,True,True,True,True,False,13.37957787294146,ppv,410.36359202301924,False,False,Media,Print Media,74.57711442786069,True,False
MOREPENLAB.NS,43.2400016784668,42.79333337148031,42.34333345625136,40.86520034790039,41.44200007120768,43.47361207962036,42.987958284435756,33.04999923706055,70.19968457233841,False,False,False,False,True,True,False,True,False,-34.816896727016776,ppv,235.2510091992551,False,False,Pharmaceuticals & Biotechnology,Pharmaceuticals,15.124378109452735,False,False
JAGRAN.NS,74.93000030517578,68.69333394368489,67.2744443681505,65.67179985046387,67.54806660970053,68.64309986114502,69.78741942481271,59.5,78.30000305175781,True,False,False,False,True,False,True,True,False,7.096037679145395,ppv,1712.5836589873948,False,False,Media,Print Media,68.65671641791045,False,False
INDOCO.NS,209.66000366210938,210.25416692097983,213.18138927883572,205.57220001220702,224.06379943847656,240.12152099609375,206.88019797816054,162.19000244140625,349.5517008402885,False,False,False,False,True,False,False,True,False,-13.298514620325852,ppv,412.9958561838164,False,False,Pharmaceuticals & Biotechnology,Pharmaceuticals,43.38308457711443,False,False
IFCI.NS,68.52999877929688,63.62499968210856,61.11916637420654,58.79699989318848,56.226599884033206,55.88604990005493,64.30792888777917,46.22999954223633,74.5,True,True,False,True,True,True,True,True,False,17.245505363190183,ppv,207.89044997905447,False,False,Finance,Financial Institution,77.51243781094527,True,False
SBFC.NS,94.30000305175781,91.61083221435547,93.64249971177843,91.32119995117188,98.86266642252605,101.05214988708497,92.29422225418915,79.5999984741211,123.0,False,False,False,False,True,False,True,True,False,-10.869564903863138,ppv,215.50700494078336,False,False,Finance,Non Banking Financial Company (NBFC),47.06467661691542,False,False
VIPIND.NS,299.3999938964844,298.49999745686847,305.5597195095486,310.27899780273435,354.4623331705729,373.1312501525879,299.99534023180433,278.25,492.29998779296875,False,False,False,False,False,False,False,False,False,-17.063713602081886,ppv,591.0156527552596,False,False,Consumer Durables,Plastic Products - Consumer,37.51243781094528,False,False
NAVNETEDUL.NS,141.74000549316406,142.4899991353353,143.84472147623697,139.32480010986328,145.4275647989909,146.86287910461425,142.71219718655743,121.5,165.89999389648438,False,False,False,False,True,False,True,False,False,1.2438100507097927,ppv,95.6597888916162,False,False,Printing & Publication,Printing & Publication,62.98507462686567,False,False
ONESOURCE.NS,1824.5999755859375,1825.1750183105469,1718.6861097547744,1636.6139990234376,1597.7193310546875,1660.477999267578,1817.3181236424766,1057.0,2248.0,True,False,False,False,True,True,True,True,False,3.406062657179798,ppv,102.96947151730357,False,False,Pharmaceuticals & Biotechnology,Pharmaceuticals,65.22388059701493,False,False
GKENERGY.NS,,,,,,,,,,False,False,False,False,False,False,False,False,False,,ppv,308.64039759894007,False,False,Construction,Civil Construction,,False,False
TEGA.NS,1766.0,1601.8583374023438,1656.5111151801216,1664.982001953125,1790.0199959309896,1825.1087579345703,1627.9678625321926,1439.1043744047643,2125.0,False,False,False,False,True,False,True,True,False,20.28529431254682,ppv,1799.7820350460884,True,False,Industrial Manufacturing,Industrial Products,78.90547263681592,True,False
EXICOM.NS,159.39999389648438,131.9133332570394,120.2708331214057,110.67859985351562,111.23506657918294,119.68649967193603,140.54495854168067,75.5999984741211,217.0,True,False,False,False,True,True,False,True,False,-7.044554543987946,ppv,869.4369402038994,False,False,Electrical Equipment,Heavy Electrical Equipment,52.58706467661691,False,False
GIPCL.NS,165.1699981689453,150.62583287556967,151.84972212049695,145.67460037231444,151.32820012410482,159.78482341766357,154.37925258434302,119.9000015258789,219.23422702693856,True,False,False,False,True,True,True,True,False,-17.018319461249042,ppv,505.4597129449404,True,False,Power,Power Generation,37.61194029850746,False,False
NELCAST.NS,140.5800018310547,139.15750122070312,138.37750074598523,133.4174005126953,117.69320032755535,124.6020503616333,138.9871396947783,85.9800033569336,180.89999389648438,True,False,False,True,True,True,True,True,False,3.0054090677352097,ppv,168.59344718285195,False,False,Industrial Products,Castings & Forgings,64.72636815920399,False,False
BIL.NS,775.5999755859375,733.3458302815756,751.2763892279731,738.2620007324218,770.337333984375,789.4292507934571,741.8183338832296,602.0,984.75,False,False,False,False,True,False,True,True,False,10.720910147885432,ppv,107.54290203302136,False,False,Consumer Durables,Leather And Leather Products,71.8905472636816,True,False
SAKUMA.NS,2.0,1.803333322207133,1.906944430536694,1.7793999934196472,2.043400011062622,2.1739500057697296,1.846179500133034,1.100000023841858,3.630000114440918,False,False,False,False,True,True,False,True,False,-31.03448502657381,ppv,139.09508524969073,False,False,Commercial Services & Supplies,Trading & Distributors,18.855721393034827,False,False
DPEL.NS,504.54998779296875,515.7874908447266,481.6124971177843,454.802998046875,340.80299896240234,302.83449939727785,508.99195968953575,123.0,547.7999877929688,True,True,True,True,True,True,True,False,False,259.110311596419,ppv,156.66178623718886,False,False,Industrial Products,Cables - Electricals,99.45273631840796,True,True
INDOSTAR.NS,236.3699951171875,208.0016657511393,210.76944393581815,205.84579956054688,224.125199991862,233.1334001159668,215.91679660911774,179.02999877929688,366.29998779296875,True,False,False,False,True,True,False,True,False,-28.921965480768186,ppv,393.576218093953,False,False,Finance,Non Banking Financial Company (NBFC),21.542288557213933,False,False
COCKERILL.NS,,,,,,,,,,False,False,False,False,False,False,False,False,False,,ppv,,False,False,Industrial Manufacturing,Industrial Products,,False,False
NCLIND.NS,183.52000427246094,170.72333272298178,174.87722227308484,172.42079956054687,186.6630484008789,191.9505214691162,172.8229187879004,147.5,235.22313103912327,False,False,False,False,True,False,True,True,False,-16.74275342504633,ppv,580.4982036850427,True,False,Cement & Cement Products,Cement & Cement Products,37.91044776119403,False,False
BEPL.NS,95.52999877929688,95.12250010172527,96.20361116197374,93.0847999572754,89.44937210083008,92.52881580352783,95.4310330387928,74.19999694824219,118.89934207386807,True,False,False,True,True,False,True,True,False,-12.053544525125403,ppv,111.83023724070308,False,False,Chemicals & Petrochemicals,Specialty Chemicals,45.472636815920396,False,False
CENTUM.NS,3484.0,3109.8916625976562,2952.3138766818574,2908.3619921875,2576.4706673177084,2594.441998291016,3179.4116166640656,1982.5660773259276,3549.800048828125,True,False,True,True,True,True,True,True,False,69.67979004621989,ppv,218.43447740606376,False,False,Industrial Manufacturing,Industrial Products,93.73134328358209,True,False
TEJASNET.NS,520.4000244140625,471.7166697184245,448.30833689371747,441.46800231933594,439.4280013020833,477.03875030517577,482.9054160691778,294.0,749.007675854571,True,False,False,False,True,True,False,True,False,-29.470543965215022,ppv,219.1729807586864,False,False,Telecom -  Equipment & Accessories,Telecom -  Equipment & Accessories,20.796019900497512,False,False
GTLINFRA.NS,1.4199999570846558,1.345833311478297,1.2816666695806715,1.2101999998092652,1.2240000025431315,1.293100003004074,1.3501659145516212,0.9599999785423279,2.1700000762939453,True,False,False,False,True,True,False,True,False,-3.4013653437030777,ppv,332.06753176354374,False,False,Telecom - Services,Telecom - Infrastructure,58.10945273631841,False,False
AEQUS.NS,,,,,,,,,,False,False,False,False,False,False,False,False,False,,ppv,192.170504330162,False,False,Aerospace & Defense,Aerospace & Defense,,False,False
BLKASHYAP.NS,55.0099983215332,55.29083283742269,54.665277269151474,52.59559967041016,51.92806645711263,55.50539981842041,55.92863166557804,40.31999969482422,80.01000213623047,False,False,False,False,True,True,False,False,False,-24.859993157409487,ppv,190.52608108924917,False,True,Construction,Civil Construction,25.522388059701495,False,False
BLSE.NS,221.9600067138672,205.23249944051108,190.64611053466797,180.1861993408203,182.88280141194662,182.62189002990723,210.64286702017483,124.30000305175781,231.7016780476375,True,True,True,False,True,True,True,True,False,4.474251014640607,ppv,102.6593965549713,False,False,IT - Services,IT Enabled Services,66.16915422885572,False,False
IXIGO.NS,168.36000061035156,166.26083119710287,169.43055470784506,169.61259918212892,214.76953257242837,232.42434890747072,167.28832482112162,156.02000427246094,339.1499938964844,False,False,False,False,False,False,False,True,False,-1.8709602942437287,ppv,103.87693237197402,False,False,Leisure Services,"Tour, Travel Related Services",59.85074626865672,False,False
MMWL.NS,,,,,,,,,,False,False,False,False,False,False,False,False,False,,ppv,,False,False,Entertainment,"Film Production, Distribution & Exhibition",,False,False
IGIL.NS,371.79998779296875,351.9124984741211,351.88055504692926,344.26399963378907,331.1438934326172,335.5063688659668,362.8375765056511,284.8031402273277,435.3585193465419,True,False,False,True,True,True,True,True,True,0.5117600193579541,ppv,169.00823735958016,False,True,Commercial Services & Supplies,Diversified Commercial Services,62.13930348258706,False,False
LATENTVIEW.NS,322.54998779296875,314.2583312988281,304.35694461398657,295.9660009765625,385.5210009765625,393.40325119018553,316.7482599902052,248.0,517.5,False,False,False,False,True,True,False,True,False,-22.945536767812335,ppv,52.71932853690815,False,False,IT - Software,Computers - Software & Consulting,28.805970149253728,False,False
COFFEEDAY.NS,34.779998779296875,25.800000190734863,26.299444410536026,25.49700008392334,31.43040002187093,34.22809998512268,27.32105106384719,21.0,51.459999084472656,True,False,False,False,True,True,False,True,False,9.165091377922273,ppv,1025.0433261765154,True,False,Leisure Services,Restaurants,70.44776119402985,True,False
JGCHEM.NS,436.20001220703125,402.6791687011719,395.29444461398657,377.0179998779297,373.36766621907555,394.86949951171874,407.90444274531154,298.3999938964844,556.8592436012347,True,False,False,False,True,True,True,True,False,25.927276818394507,ppv,762.5959321008658,False,False,Chemicals & Petrochemicals,Commodity Chemicals,82.18905472636816,True,False
MIDHANI.NS,420.6499938964844,409.8208312988281,388.5013877020942,364.219775390625,352.2264276123047,361.17025314331056,411.15302702775796,266.6499938964844,467.7567593172267,True,False,False,True,True,True,True,True,False,5.4156546448712595,ppv,371.6133414265558,False,False,Aerospace & Defense,Aerospace & Defense,67.06467661691542,False,False
INDNIPPON.NS,921.2000122070312,798.6416676839193,789.10277472602,773.2669995117187,807.3401493326822,827.3161477661133,821.5630541133746,670.2368041353076,1080.9287895003267,True,False,False,False,True,True,True,True,False,35.663617271961456,ppv,2805.7643786735707,False,False,Auto Components,Auto Components & Equipments,86.11940298507463,True,False
HONDAPOWER.NS,2363.39990234375,2220.0916544596353,2237.3805575900606,2168.2240014648437,2271.034649251302,2402.759046020508,2260.1942057889237,1816.5999755859375,3125.581371373015,False,False,False,False,True,True,True,True,False,-18.702424830392207,ppv,311.799423525644,False,False,Industrial Manufacturing,Industrial Products,35.373134328358205,False,False
OLAELEC.NS,41.4900016784668,36.990833600362144,36.86083380381266,33.552600326538084,35.53580020904541,39.957000188827514,37.846283332380594,22.25,71.25,True,False,False,False,True,True,False,True,True,-21.00152072193363,ppv,213.85065046365887,False,False,Automobiles,2/3 Wheelers,31.74129353233831,False,False
PAISALO.NS,51.58000183105469,48.429999669392906,46.51638836330838,43.260399627685544,38.025466499328616,37.347430582046506,49.32539016561126,29.30476395281721,52.400001525878906,True,True,True,True,True,True,True,True,False,61.04772228408451,ppv,211.04320544513214,False,False,Finance,Non Banking Financial Company (NBFC),92.53731343283582,True,True
ASTRAMICRO.NS,1401.699951171875,1201.2416483561199,1130.1194305419922,1071.9439916992187,1001.7163309733073,1013.3103543090821,1260.29466922447,851.0,1433.0,True,False,True,True,True,True,True,True,False,31.810684438977365,ppv,211.2552524213704,False,False,Aerospace & Defense,Aerospace & Defense,84.97512437810946,True,False
SJS.NS,2105.199951171875,1979.1416625976562,1844.097215440538,1773.84599609375,1726.1646655273437,1642.6949993896485,2005.9748389666086,1063.3993851721955,2119.89990234375,True,True,True,True,True,True,True,True,False,92.75868902437321,ppv,125.95455349603222,False,False,Auto Components,Auto Components & Equipments,95.52238805970148,True,True
BLISSGVS.NS,425.29998779296875,318.59582773844403,283.4724994235569,264.94559875488284,205.2821309407552,193.36270347595215,342.7720848080049,117.7448072129227,438.0,True,True,True,True,True,True,True,True,False,240.4338322278353,ppv,294.31284589563626,False,False,Pharmaceuticals & Biotechnology,Pharmaceuticals,99.40298507462687,True,True
YATRA.NS,100.30000305175781,97.05750020345052,105.97611130608453,104.39839981079102,139.4495332845052,141.97699989318846,98.982595105455,81.80000305175781,202.0,False,False,False,False,False,False,False,True,False,3.466062023654737,ppv,209.8150084594724,False,False,Leisure Services,"Tour, Travel Related Services",65.3731343283582,False,False
CLEAN.NS,797.5,769.3000030517578,785.3999989827474,759.7429992675782,831.5608390299479,907.3484948730469,772.1241195515083,652.0,1590.6096944255028,False,False,False,False,True,False,False,True,False,-43.716545429295394,ppv,321.4755521969343,True,False,Chemicals & Petrochemicals,Specialty Chemicals,6.91542288557214,False,False
NEOGEN.NS,1858.0999755859375,1713.0999857584636,1627.1999918619792,1522.383994140625,1348.063330485026,1383.2880825805664,1743.9328238350022,966.7000122070312,1887.0,True,False,True,True,True,True,True,True,False,6.4942172970918755,ppv,189.33080700041742,False,False,Chemicals & Petrochemicals,Specialty Chemicals,68.00995024875623,False,False
STEELXIND.NS,12.800000190734863,10.677500089009603,10.093333350287544,9.368400020599365,8.862800029118857,9.151150023937225,11.047441379392856,7.0,13.390000343322754,True,False,False,True,True,True,True,True,False,52.92712503878219,ppv,702.4692724695419,False,False,Industrial Products,Iron & Steel Products,90.9950248756219,True,False
ZEEMEDIA.NS,8.420000076293945,8.036666750907898,8.133611149258083,7.878000040054321,8.663133354187012,9.537350010871886,8.141712266478784,6.650000095367432,16.459999084472656,False,False,False,False,True,False,False,True,False,-41.73010250910066,ppv,170.37536093444382,False,False,Entertainment,TV Broadcasting & Software Production,8.706467661691542,False,False
VADILALIND.NS,4843.0,4337.991617838542,4492.852783203125,4476.1180078125,4828.7466796875,4939.425102539062,4453.356567783397,3996.0,6753.472765416259,False,False,False,False,True,False,False,True,False,-19.06668126738357,ppv,1361.624469973642,False,False,Food Products,Dairy Products,34.67661691542288,False,False
KOPRAN.NS,206.27000427246094,173.75249989827475,163.5769454108344,150.74820098876953,143.97640024820964,149.9940690612793,181.87276124706167,107.0,219.0,True,False,False,True,True,True,True,True,False,12.144796841056827,ppv,430.31190727778875,False,False,Pharmaceuticals & Biotechnology,Pharmaceuticals,72.93532338308458,True,False
GUFICBIO.NS,333.8500061035156,299.1916681925456,297.05277845594617,294.47500183105467,313.0590006510417,325.5494702148437,309.76757085487935,268.0,407.73976967002454,True,False,False,False,True,False,True,True,False,-12.51237487669109,ppv,361.9664344830047,False,False,Pharmaceuticals & Biotechnology,Pharmaceuticals,44.67661691542288,False,False
SADBHAV.NS,9.649999618530273,9.03083340326945,9.498055564032661,9.045999994277954,9.575733318328858,10.53875000476837,9.264720675572741,6.050000190734863,17.850000381469727,False,False,False,False,True,True,False,True,False,-33.448278492894666,ppv,119.29880891677888,False,True,Construction,Civil Construction,16.666666666666664,False,False
FAZE3Q.NS,545.7999877929688,480.6416651407878,466.4347229003906,451.39400146484377,462.7530010986328,468.9180009460449,497.8504967204707,322.1000061035156,747.9500122070312,True,False,False,False,True,True,False,True,False,-15.425736663673629,ppv,494.3385263463704,True,False,Textiles & Apparels,Other Textile Products,39.65174129353234,False,False
MAHASTEEL.NS,946.3499755859375,849.9833323160807,868.7777794731987,890.497001953125,811.3056677246094,708.6422512817383,876.0374101734319,274.6000061035156,1050.0,True,True,True,True,True,True,True,True,False,229.1652088994565,ppv,157.45283557964683,False,False,Industrial Products,Iron & Steel Products,99.25373134328358,True,True
SHAILY.NS,2989.5,2742.183349609375,2440.1611328125,2370.2820141601565,2292.207342122396,2259.9736865234377,2747.6838383050776,1534.610423318069,3019.89990234375,True,True,True,True,True,True,True,True,False,57.60704849557248,ppv,176.57737764174198,False,False,Industrial Products,Plastic Products - Industrial,91.7412935323383,True,True
HMVL.NS,68.18000030517578,64.10166645050049,65.936110496521,64.66019950866699,68.60399945576985,72.78854948043823,64.68637881479184,55.20000076293945,100.0,False,False,False,False,True,False,False,True,False,-26.884718171393263,ppv,531.6535589243304,False,False,Media,Print Media,23.383084577114428,False,False
KAPSTON.NS,349.6499938964844,334.3333282470703,328.3430531819661,314.7569976806641,322.89648763020836,303.90096588134764,339.60828053372495,227.0,433.5,True,True,True,False,True,True,True,True,False,41.42701126032367,ppv,380.8344280903286,False,False,Commercial Services & Supplies,Diversified Commercial Services,88.05970149253731,True,False
MARINE.NS,268.94000244140625,232.9033342997233,223.87166765001086,208.7640005493164,208.27093353271485,204.70732513427734,241.1178468526632,150.86000061035156,282.4800109863281,True,True,True,True,True,True,True,True,False,24.542956848478646,ppv,889.3491929172974,False,False,Industrial Manufacturing,Industrial Products,81.44278606965175,True,True
SERVOTECH.NS,97.51000213623047,93.53666687011719,90.48472256130643,84.2044002532959,84.79580014546713,95.3891086769104,94.14992147202618,57.5099983215332,168.43570668196017,True,False,False,False,True,True,False,True,False,-19.86592145565187,ppv,358.29133127313486,False,False,Electrical Equipment,Other Electrical Equipment,33.43283582089553,False,False
PUNJABCHEM.NS,1033.800048828125,1028.1666768391926,1059.1527777777778,1040.0390026855468,1155.6189982096355,1179.5482501220704,1029.8972739345234,876.5999755859375,1666.0,False,False,False,False,False,False,False,True,False,-5.867732053114894,ppv,296.59851362823633,False,False,Fertilizers & Agrochemicals,Pesticides & Agrochemicals,54.47761194029851,False,False
ORCHPHARMA.NS,792.5,724.9333190917969,642.7236039903429,607.76099609375,694.4089982096355,705.5252484130859,731.956322475516,480.0,899.0,True,False,False,False,True,True,True,True,False,6.913996627318708,ppv,336.9959802541082,False,False,Pharmaceuticals & Biotechnology,Pharmaceuticals,68.45771144278608,False,False
SUPRIYA.NS,968.7000122070312,751.5458323160807,695.834720187717,665.017998046875,701.5049971516927,697.4155841064453,789.5611562158945,545.5,968.7000122070312,True,True,False,False,True,True,True,True,False,32.50901382474629,ppv,1774.7976720487231,True,False,Pharmaceuticals & Biotechnology,Pharmaceuticals,85.17412935323382,True,False
BIRLACABLE.NS,193.91000366210938,167.7049992879232,158.26027806599936,147.6866000366211,143.70266662597658,148.14949996948243,172.7648810618257,104.0,215.1999969482422,True,False,False,False,True,True,True,True,False,1.2267728823690316,ppv,166.66215890794493,False,False,Telecom -  Equipment & Accessories,Telecom -  Equipment & Accessories,62.93532338308457,False,False
AVTNPL.NS,72.19999694824219,67.88916651407878,66.9566667344835,64.47800003051758,65.95509963989258,67.5673546218872,68.69600354889813,53.5,83.35641027449094,True,False,False,False,True,True,True,True,False,9.01420765279115,ppv,966.5320348944471,False,False,Agricultural Food & other Products,Other Agricultural Products,70.34825870646766,True,False
BNAGROCHEM.NS,,,,,,,,,,False,False,False,False,False,False,False,False,False,,ppv,,False,False,Commercial Services & Supplies,Trading & Distributors,,False,False
SUDEEPPHRM.NS,,,,,,,,,,False,False,False,False,False,False,False,False,False,,ppv,697.001218708483,True,False,Pharmaceuticals & Biotechnology,Pharmaceuticals,,False,False
PPL.NS,207.25,193.2491658528646,205.36805513170032,199.55759948730469,224.4933378092448,247.86241012573242,199.2608104019503,163.2100067138672,468.52399267937153,False,False,False,False,True,False,False,True,False,-54.48804709160952,ppv,169.03341630260925,False,False,Industrial Products,Plastic Products - Industrial,2.7860696517412937,False,False
GREENCHEF.NS,63.150001525878906,56.458333333333336,52.416666666666664,50.79200004577637,53.52866668701172,56.185249996185306,57.27251501923163,40.400001525878906,74.05000305175781,True,False,False,False,True,True,True,True,False,-5.037591690407661,ppv,433.40380549682874,True,False,Consumer Durables,Household Appliances,55.72139303482587,False,False
KIRIINDUS.NS,412.0,396.1708348592122,407.6736128065321,397.4160009765625,481.30300150553387,501.46000045776367,400.35138388004395,333.79998779296875,779.0,False,False,False,False,True,False,False,True,False,-39.22855777245946,ppv,130.02981337484948,False,False,Chemicals & Petrochemicals,Dyes And Pigments,10.597014925373134,False,False
WANBURY.NS,308.6499938964844,275.0791702270508,260.8091689215766,254.5050018310547,243.62920084635417,248.0496506500244,283.2989238293206,161.5,320.95001220703125,True,False,False,True,True,True,True,True,False,7.363984312343397,ppv,305.7187167069392,False,False,Pharmaceuticals & Biotechnology,Pharmaceuticals,68.85572139303483,False,False
KOTHARIPRO.NS,76.2699966430664,73.41833241780598,72.3958331214057,69.76939987182617,73.21059989929199,75.72854993820191,73.79384167038639,58.0,109.0,True,False,False,False,True,True,False,True,False,-6.405695616079942,ppv,177.38534691525422,False,False,Commercial Services & Supplies,Trading & Distributors,53.43283582089552,False,False
APOLSINHOT.NS,1239.800048828125,1146.4750061035156,1132.4055616590713,1108.4830041503906,1213.5236665852865,1253.743536682129,1169.9689835333281,950.0,1602.719772308771,False,False,False,False,True,True,True,True,False,-1.4631732697017785,ppv,316.55372700871254,False,False,Leisure Services,Hotels & Resorts,60.34825870646766,False,False
ASTEC.NS,770.9500122070312,732.245839436849,704.8694474962023,664.7709997558594,671.6383349609375,708.7222521972657,745.1896362306146,513.4000244140625,998.4000244140625,True,False,False,False,True,True,True,True,False,12.056687820789435,ppv,175.19761478551573,False,False,Fertilizers & Agrochemicals,Pesticides & Agrochemicals,72.7363184079602,True,False
KPL.NS,,,,,,,,,,False,False,False,False,False,False,False,False,False,,ppv,,False,False,Pharmaceuticals & Biotechnology,Pharmaceuticals,,False,False
BBTCL.NS,225.41000366210938,196.93583552042642,196.08833355373807,188.6311996459961,190.70620005289715,193.09689971923828,201.19330683438423,149.0,233.0,True,False,False,False,True,True,True,True,True,39.4777568286645,ppv,1220.7261392427883,False,False,Industrial Products,Packaging,87.06467661691542,True,False
MOSCHIP.NS,219.91000366210938,207.61333211263022,202.66805521647134,191.79559967041016,201.68513326009113,207.3169504547119,208.89202108132648,146.8000030517578,288.45001220703125,True,False,True,False,True,True,True,True,False,28.160154062284736,ppv,324.45347478715445,True,False,IT - Hardware,Computers Hardware & Equipments,83.43283582089552,True,False
INDSWFTLAB.NS,152.11000061035156,135.98749923706055,138.59361012776694,138.803798828125,119.34153299967448,114.99509983062744,138.02332642182296,71.94999694824219,161.0,True,True,True,True,True,True,True,True,False,110.67868011046352,ppv,618.7051529397534,False,False,Pharmaceuticals & Biotechnology,Pharmaceuticals,96.46766169154229,True,True
TIMEX.NS,,,,,,,,,,False,False,False,False,False,False,False,False,False,,ppv,,False,False,Consumer Durables,"Gems, Jewellery And Watches",,False,False
AKCAPIT.NS,,,,,,,,,,False,False,False,False,False,False,False,False,False,,ppv,,False,False,Finance,Non Banking Financial Company (NBFC),,False,False
VRAJ.NS,127.4800033569336,123.37500063578288,127.46305508083768,121.75739974975586,127.8021999613444,133.9156498336792,124.16663981842328,93.0,188.58999633789062,False,False,False,False,True,True,False,True,False,-31.04716573447859,ppv,215.47685463935272,False,False,Ferrous Metals,Sponge Iron,18.75621890547264,False,False
SIGMAADV.NS,,,,,,,,,,False,False,False,False,False,False,False,False,False,,ppv,456.90487321174675,True,False,Aerospace & Defense,Aerospace & Defense,,False,False
MODISONLTD.NS,284.6000061035156,196.77083333333334,168.33611085679797,155.51379959106444,148.6629484049479,150.99568077087403,219.67745008178142,114.0,300.95001220703125,True,False,False,True,True,True,True,True,False,111.28362685352032,ppv,731.0547808766996,False,False,Electrical Equipment,Other Electrical Equipment,96.51741293532339,True,False
OMNI.NS,,,,,,,,,,False,False,False,False,False,False,False,False,False,,ppv,312.26756973764856,True,False,Industrial Manufacturing,Industrial Products,,False,False
TAJGVK.NS,346.29998779296875,316.00833384195965,324.68055725097656,319.77100158691405,363.30400044759114,378.77239471435547,323.0059775522433,281.3500061035156,512.6500244140625,False,False,False,False,True,False,False,True,False,-22.02734866030649,ppv,637.5042988330268,True,False,Leisure Services,Hotels & Resorts,29.701492537313435,False,False
RELTD.NS,127.37000274658203,127.04500007629395,135.76361168755426,134.3462008666992,146.607133992513,148.20095054626464,127.79347779647884,107.30999755859375,191.77000427246094,False,False,False,False,False,False,False,False,False,10.477926737033915,ppv,306.2328109533621,False,False,Electrical Equipment,Other Electrical Equipment,71.6915422885572,True,False
GPTHEALTH.NS,142.39999389648438,140.72166442871094,138.88083182440863,133.93299865722656,135.7030712890625,140.0928663635254,140.63920929429852,115.0,183.70791594738893,True,False,False,False,True,False,True,True,False,-6.551013733877564,ppv,146.7640080296857,False,False,Healthcare Services,Hospital,53.233830845771145,False,False
CIFL.NS,24.1200008392334,25.978333473205566,27.212777879503037,26.364400062561035,31.147933349609374,32.048359069824215,25.463643305036243,20.420000076293945,44.47395472058876,False,False,False,False,False,False,False,False,False,-34.84307353229259,ppv,153.49766552331982,False,False,Finance,Non Banking Financial Company (NBFC),15.074626865671641,False,False
RUBFILA.NS,81.44000244140625,76.58250045776367,73.24583307902019,69.8963998413086,72.35700004577637,74.08867712020874,78.11612587174372,57.310001373291016,90.05855326138156,True,False,False,False,True,True,True,True,False,9.576181722397937,ppv,265.8719215506644,False,False,Industrial Products,Rubber,70.69651741293532,True,False
GPECO.NS,495.8500061035156,394.85833740234375,378.95555623372394,360.2129998779297,402.50033284505207,443.99049942016603,421.1197178179626,264.04998779296875,616.5,True,False,False,False,True,True,True,True,False,43.185106434353536,ppv,573.4895014997857,False,False,Electrical Equipment,Other Electrical Equipment,88.45771144278606,True,False
YUKEN.NS,695.75,677.7124989827474,708.6736111111111,693.6330004882813,789.684999593099,839.0809240722656,681.5809899900552,584.0999755859375,1202.5693303298756,False,False,False,False,True,False,False,True,False,-36.88036216926357,ppv,142.80854336764878,False,False,Industrial Products,"Compressors, Pumps & Diesel Engines",12.786069651741293,False,False
TPLPLASTEH.NS,73.05999755859375,64.7933333714803,66.70583332909479,64.53220001220703,66.17333320617676,68.1338602256775,66.71609432937142,50.0099983215332,86.5508691574113,True,False,False,False,True,True,True,True,False,-10.244249555350937,ppv,273.52845047932897,False,False,Industrial Products,Packaging,47.86069651741294,False,False
SILVERTUC.NS,168.30999755859375,150.05166880289713,146.02722295125326,136.83060043334962,359.912199605306,450.00838066101073,153.99369631725403,100.5,1117.449951171875,False,False,False,False,True,True,False,True,False,-78.29228802203652,ppv,265.84920998104525,False,False,IT - Software,Computers - Software & Consulting,0.5472636815920399,False,False
INTLCONV.NS,82.01000213623047,79.1291675567627,78.68555598788791,75.50600036621094,82.25773325602214,85.38258674621582,79.35549708399125,60.0,114.54000091552734,False,False,False,False,True,True,False,True,False,-0.5200083217619667,ppv,134.0437046107638,False,False,Industrial Manufacturing,Industrial Products,61.094527363184085,False,False
VETO.NS,124.0,112.8166675567627,109.33416748046875,104.94000061035156,107.63600016276041,109.7069024658203,115.28075323836988,82.31999969482422,139.84131788669671,True,False,False,False,True,True,True,True,False,16.35870455454027,ppv,537.3404263903683,False,False,Consumer Durables,Consumer Electronics,76.76616915422886,True,False
LORDSCHLO.NS,143.86000061035156,138.9499994913737,145.06138949924045,137.46280029296875,156.47933349609374,164.00530029296874,139.80733662453585,108.0,241.99000549316406,False,False,False,False,True,True,False,True,False,-5.943116390493719,ppv,207.0484091703913,False,False,Chemicals & Petrochemicals,Commodity Chemicals,54.179104477611936,False,False
SICALLOG.NS,65.55999755859375,64.49583276112874,65.98361047108968,65.54879974365234,79.3404476928711,84.45368579864503,64.87613280564189,60.11000061035156,124.0,False,False,False,False,True,False,False,True,False,-36.448240372955794,ppv,150.21256738795336,False,False,Transport Services,Logistics Solution Provider,13.184079601990051,False,False
IMAGICAA.NS,44.849998474121094,43.52666695912679,45.74138895670573,44.04080009460449,47.235799916585286,49.639999866485596,44.0662861574574,36.84000015258789,75.55000305175781,False,False,False,False,True,False,False,True,False,-30.45433406764335,ppv,201.55590388922496,False,False,Leisure Services,Amusement Parks/ Other Recreation,19.751243781094526,False,False
GANESHHOU.NS,705.8499755859375,698.2666625976562,665.8611094156901,639.2159985351562,725.8979996744791,759.6206640625,699.3257013316381,500.0,1073.5555396146447,False,False,False,False,True,True,False,True,False,-30.857458332047894,ppv,277.8022224073649,False,False,Realty,"Residential, Commercial Projects",19.25373134328358,False,False
DYNPRO.NS,257.25,232.06333541870117,232.94611189100476,228.08580078125,246.72040069580078,273.8055509185791,235.08165766761275,190.8000030517578,415.79998779296875,False,False,False,False,True,True,False,True,False,-12.781831038057001,ppv,413.10171945881285,False,False,Chemicals & Petrochemicals,Specialty Chemicals,44.37810945273632,False,False
DIVGIITTS.NS,811.5499877929688,711.5791727701823,720.6041700575087,705.5780004882813,658.0246651204427,657.0134930419922,742.4754434876917,516.9921093503932,843.25,True,True,True,True,True,True,True,True,False,50.564019094371645,ppv,353.33609715281034,False,False,Auto Components,Auto Components & Equipments,90.49751243781094,True,True
MSTCLTD.NS,440.5,428.07083384195965,437.455554538303,427.00599853515627,462.5115439860026,469.65319976806643,432.6918808566163,362.1499938964844,565.8768591664948,False,False,False,False,True,False,True,True,False,-20.362478264832383,ppv,90.60200270056674,False,False,Commercial Services & Supplies,Trading & Distributors,32.78606965174129,False,False
SAIPARENT.NS,,,,,,,,,,False,False,False,False,False,False,False,False,False,,ppv,,False,False,Pharmaceuticals & Biotechnology,Pharmaceuticals,,False,False
INFINIUM.NS,213.0,212.5916659037272,211.7319441901313,208.9520001220703,222.8773326619466,230.85799972534178,211.75362130921545,189.39999389648438,337.0,False,False,False,False,True,False,False,True,False,-32.20878684764309,ppv,184.04907975460122,False,True,Pharmaceuticals & Biotechnology,Pharmaceuticals,17.66169154228856,False,False
SHIVALIK.NS,294.1499938964844,260.31249618530273,266.5344420539008,258.53599853515624,322.3793320719401,359.37675018310546,266.1720270427549,206.75,650.3248027187282,False,False,False,False,True,True,False,True,False,-49.441044020937156,ppv,614.8860337201543,True,False,Fertilizers & Agrochemicals,Pesticides & Agrochemicals,4.676616915422885,False,False
FEDDERSHOL.NS,,,,,,,,,,False,False,False,False,False,False,False,False,False,,ppv,,False,False,Finance,Non Banking Financial Company (NBFC),,False,False
BGRENERGY.NS,346.3500061035156,289.3625005086263,300.06805419921875,294.52939880371093,340.8501989746094,308.9200993728638,305.47225133132434,94.0,490.79998779296875,True,True,True,False,True,True,False,True,False,192.77260961014764,ppv,228.81581807699214,False,False,Construction,Civil Construction,98.85572139303483,True,False
ALUWIND.NS,50.099998474121094,49.8208335240682,53.799999978807236,54.710999984741214,66.47933329264323,70.35499996185303,50.30758347678917,45.150001525878906,95.80000305175781,False,False,False,False,False,False,False,False,False,-13.620692285998114,ppv,758.7548638132296,False,False,Industrial Products,"Aluminium, Copper & Zinc Products",42.78606965174129,False,False
KERNEX.NS,1689.9000244140625,1426.4083353678386,1336.588887532552,1227.195,1196.4176684570311,1175.2752508544922,1471.0359771478074,850.0,1747.0,True,True,True,True,True,True,True,True,False,54.597023342555694,ppv,825.2149851566408,True,False,Transport Services,Transport Related Services,91.29353233830845,True,True
RPPL.NS,16.90999984741211,16.551667133967083,16.43583353360494,16.194200134277345,17.297133350372313,18.45144995212555,16.54533035007312,14.25,29.34000015258789,False,False,False,False,True,False,False,True,False,-39.714793913184565,ppv,211.97827822518266,False,False,Industrial Products,Packaging,10.398009950248756,False,False
THOMASCOTT.NS,309.29998779296875,269.5041669209798,269.8247231377496,265.4070001220703,316.5006669108073,322.62350006103514,275.6407810798315,230.0,459.79998779296875,False,False,False,False,True,True,False,True,False,-12.305081630841318,ppv,431.9138342248659,False,False,Textiles & Apparels,Garments & Apparels,45.124378109452735,False,False
AMBALALSA.NS,,,,,,,,,,False,False,False,False,False,False,False,False,False,,ppv,,False,False,Pharmaceuticals & Biotechnology,Pharmaceuticals,,False,False
BIMETAL.NS,,,,,,,,,,False,False,False,False,False,False,False,False,False,,ppv,,False,False,Auto Components,Auto Components & Equipments,,False,False
AXITA.NS,8.210000038146973,7.9366666078567505,8.291111138131884,8.41580002784729,8.838345222473144,8.610349791049957,8.009184183564589,7.263636112213135,12.199999809265137,False,True,False,False,False,False,False,True,False,-5.434552645749246,ppv,307.20353953397665,False,False,Textiles & Apparels,Other Textile Products,55.223880597014926,False,False
SAAKSHI.NS,239.85000610351562,234.7250010172526,222.0916659037272,211.2739990234375,190.04333282470702,187.1137496948242,234.8007767476624,118.0,276.0,True,True,False,True,True,True,True,True,False,85.3555003220383,ppv,420.65009560229447,True,False,Electrical Equipment,Other Electrical Equipment,95.12437810945273,True,False
GTL.NS,7.510000228881836,7.510000069936116,7.476111147138807,7.1064000415802,7.6541999848683675,8.08504998445511,7.527477413398669,4.909999847412109,13.0,False,False,False,False,True,True,False,False,False,-13.078704508550343,ppv,168.4783461947626,False,False,Telecom - Services,Other Telecom Services,43.78109452736319,False,False
NRL.NS,66.66000366210938,55.636667251586914,54.85638904571533,53.19560012817383,56.40713330586751,60.09879995346069,57.807217529472766,45.099998474121094,94.0,True,False,False,False,True,True,False,True,False,-2.941171569730139,ppv,762.7235104389631,False,False,Metals & Minerals Trading,Trading - Metals,58.507462686567166,False,False
UNIVASTU.NS,77.0,72.04000027974446,70.42805565728082,68.22380004882812,67.25140007019043,71.5573166847229,73.15628300814427,56.02000045776367,106.66666412353516,True,False,False,False,True,True,False,True,False,-2.035621507865415,ppv,801.1151324597698,False,False,Construction,Civil Construction,59.55223880597015,False,False
ARROWGREEN.NS,530.5499877929688,485.93332926432294,528.8638916015625,500.4760028076172,497.4463338216146,520.0701107788086,495.18588082661637,341.95001220703125,812.2781366473981,True,False,False,False,True,True,False,True,False,-14.771529193821454,ppv,237.01152143624654,False,False,Industrial Products,Packaging,40.74626865671642,False,False
MCL.NS,62.880001068115234,62.293334007263184,61.43472237057156,61.08240013122558,61.24206675211588,58.50620008468628,61.82873863128941,42.0,93.19999694824219,True,True,True,False,True,True,False,True,False,9.451697533620628,ppv,271.79601095300546,False,False,Industrial Products,"Aluminium, Copper & Zinc Products",70.64676616915423,True,False
NPST.NS,1155.300048828125,1052.7083282470703,1168.687491522895,1133.812998046875,1344.345,1527.0744744873048,1076.2931484603023,846.5999755859375,2386.0266074667848,False,False,False,False,True,True,False,True,False,-42.30400456095115,ppv,609.6921337764176,True,False,IT - Services,IT Enabled Services,8.109452736318408,False,False
SUYOG.NS,783.2000122070312,779.4541727701823,781.3763902452257,743.3219995117188,681.5333349609375,712.7906723022461,779.1159810522498,528.0,986.60400390625,True,False,False,True,True,True,True,True,False,-6.006069049335361,ppv,185.28447616415752,False,False,Telecom - Services,Telecom - Infrastructure,54.02985074626866,False,False
MBLINFRA.NS,26.290000915527344,25.392500082651775,25.91166665818956,24.674599990844726,29.752866605122883,32.87924996376037,25.565081810335293,18.3700008392334,52.47999954223633,False,False,False,False,True,True,False,True,False,-39.15759899894431,ppv,107.92725268900294,False,False,Construction,Civil Construction,10.696517412935323,False,False
ROCKINGDCE.NS,222.9499969482422,203.91666539510092,194.87916607326932,183.69199951171876,203.3300606282552,204.0100454711914,206.48714298845505,123.9000015258789,283.8500061035156,True,False,True,False,True,True,True,True,False,-5.268752425618994,ppv,248.46625766871165,False,False,Commercial Services & Supplies,Trading & Distributors,55.57213930348258,False,False
USK.NS,23.6299991607666,22.06000026067098,23.06111118528578,22.715400085449218,23.84073336283366,26.07560004234314,22.326906911178654,18.969999313354492,44.279998779296875,False,False,False,False,True,False,False,True,False,-38.987866150121384,ppv,164.050903884726,False,False,Construction,Civil Construction,10.845771144278608,False,False
MAZDA.NS,223.4199981689453,203.12416712443033,207.0966673956977,198.46899993896486,215.46053283691407,231.3572087097168,208.65717466627123,159.1999969482422,333.62274538989465,False,False,False,False,True,True,False,True,False,-18.25769378109777,ppv,362.69756709558243,True,False,Industrial Manufacturing,Industrial Products,36.169154228855724,False,False
SHRITECH.NS,68.6500015258789,70.62499872843425,64.38055494096544,62.79399955749512,62.448333282470706,65.34674989700318,70.65440844915561,51.349998474121094,95.5,True,False,False,False,True,True,False,False,False,-15.246911696445798,ppv,350.31847133757964,False,True,Industrial Products,Plastic Products - Industrial,39.950248756218905,False,False
TAALTECH.NS,,,,,,,,,,False,False,False,False,False,False,False,False,False,,ppv,,False,False,Transport Services,Airline,,False,False
UYFINCORP.NS,15.149999618530273,14.519166628519693,14.328888893127441,13.904599990844726,14.179866669972737,14.278049998283386,14.684177880997096,11.15999984741211,23.299999237060547,True,False,False,False,True,True,False,True,False,-16.712483926734745,ppv,397.46277932502886,False,False,Finance,Non Banking Financial Company (NBFC),37.960199004975124,False,False
SONAMLTD.NS,57.43000030517578,54.53416633605957,53.065000004238556,53.316799850463866,46.468533274332685,46.540650005340574,55.54926976334746,37.400001525878906,62.349998474121094,True,False,False,True,True,True,True,True,False,47.407601783194764,ppv,423.95547690769837,False,False,Consumer Durables,Consumer Electronics,89.70149253731343,True,False
FOCUS.NS,82.80000305175781,83.37916628519694,79.51249991522894,75.33680000305176,74.43706662495931,79.39610006332397,82.82211111121487,57.060001373291016,126.1500015258789,True,False,False,False,True,True,False,False,False,-21.657677037464808,ppv,141.8447073617301,False,False,Consumer Durables,Consumer Electronics,30.497512437810947,False,False
SADHAV.NS,118.0,111.35416603088379,113.41666624281142,109.22099975585938,105.98999974568684,107.60674976348876,112.25194164136337,86.30000305175781,131.89999389648438,True,False,False,True,True,True,True,True,False,18.236469330370042,ppv,413.2841328413284,True,False,Transport Services,Shipping,78.1094527363184,True,False
GLOBALPET.NS,156.9499969482422,140.29583231608072,122.05833223130968,114.28999923706054,121.42866638183594,125.60824996948242,143.0294550040058,85.0,161.60000610351562,True,False,False,False,True,True,True,True,False,39.69737345781481,ppv,1170.6948640483383,False,False,Industrial Manufacturing,Industrial Products,87.2139303482587,True,False
JSWHL.NS,13177.0,12619.75,12815.083333333334,13035.98,16458.48,16793.795,12695.451923771443,11250.0,24150.0,False,False,False,False,True,False,False,True,False,-44.45943097997892,ppv,284.51740519897777,False,False,Finance,Investment Company,6.4179104477611935,False,False
DUGLOBAL.NS,37.70000076293945,39.81666660308838,40.50972239176432,38.62800022125244,34.559666798909504,36.37275009155273,38.62505106729532,26.5,56.0,True,False,False,True,False,True,False,False,False,-26.796115023418544,ppv,651.4084507042254,True,False,Leisure Services,"Tour, Travel Related Services",23.53233830845771,False,False
MITCON.NS,83.87999725341797,79.06499989827473,78.10277811686198,71.72220024108887,67.1516667175293,67.61295003890991,79.81859113147422,49.560001373291016,97.62000274658203,True,False,False,True,True,True,True,True,False,3.110016996621967,ppv,213.64721366741807,False,False,Commercial Services & Supplies,Consulting Services,64.82587064676618,False,False
MANCREDIT.NS,200.38999938964844,173.15833282470703,172.48249986436633,171.35120025634765,170.8921330769857,173.984243850708,178.1482918289508,152.05999755859375,214.88316263843788,True,False,False,False,True,True,True,True,True,20.05392607219092,ppv,625.364009149686,False,False,Finance,Non Banking Financial Company (NBFC),78.80597014925374,True,False
ORICONENT.NS,64.83000183105469,63.99000040690104,65.11583370632596,65.35480049133301,62.264333470662436,60.089331226348875,63.99408639489785,39.635500327195196,73.12000274658203,True,True,True,True,False,True,True,True,False,54.19796407248651,ppv,138.4852790617339,False,False,Industrial Products,Packaging,91.19402985074628,True,False
POLYSIL.NS,137.1999969482422,142.54166666666666,159.01249906751843,160.7719989013672,227.25099934895835,219.01099967956543,140.52282551346332,42.79999923706055,356.75,False,True,True,False,False,True,False,False,False,220.56074624749203,ppv,146.63951120162932,False,True,Industrial Products,Plastic Products - Industrial,99.20398009950249,True,False
FCSSOFT.NS,1.5700000524520874,1.5424999992052715,1.6480555501249101,1.5767999958992005,1.7668666672706603,1.9120500129461289,1.5428236334258494,1.0499999523162842,3.049999952316284,False,False,False,False,False,True,False,True,False,-40.75471713391008,ppv,120.11105702567637,False,False,IT - Services,IT Enabled Services,9.45273631840796,False,False
BFINVEST.NS,431.1499938964844,403.5583318074544,411.8972210354275,396.6759985351562,412.13300048828125,425.65600021362303,406.68353988873685,315.0,537.8499755859375,True,False,False,False,True,True,True,True,False,-17.13434479878516,ppv,1785.7047456119262,False,False,Finance,Holding Company,37.41293532338308,False,False
VIPULLTD.NS,8.8100004196167,8.90499997138977,9.682500018013847,10.028600025177003,10.256133321126303,10.158849987983704,8.929577481570261,7.380000114440918,13.6899995803833,False,True,False,False,False,False,False,False,False,-25.27565353586281,ppv,309.4090315444114,False,False,Realty,"Residential, Commercial Projects",25.024875621890548,False,False
WEALTH.NS,987.4000244140625,911.8541564941406,926.1847195095486,909.3819982910156,950.4182023111979,1013.6933758544922,924.0826358597747,771.3317105977414,1388.8258794285634,False,False,False,False,True,False,False,True,False,12.71125921072671,ppv,747.470468025719,False,False,Finance,Other Financial Services,73.6318407960199,True,False
DBSTOCKBRO.NS,33.56999969482422,29.545833110809326,27.96111101574368,27.233600006103515,25.823866691589355,25.845449981689452,30.589021476898495,23.149999618530273,36.33000183105469,True,False,False,True,True,True,True,True,False,16.441206325569937,ppv,453.61933284480835,True,False,Capital Markets,Stockbroking & Allied,76.96517412935323,True,False
SWANDEF.NS,2060.199951171875,1926.616678873698,1878.183332655165,1901.1500048828125,1582.377998046875,1311.722248840332,1943.666877267914,154.74000549316406,2489.0,True,True,True,True,True,True,True,True,False,1231.3945185706282,ppv,91.13984140747236,False,False,Industrial Manufacturing,Ship Building & Allied Services,100.0,True,True
